date,latitude,longitude,rainfall,rain_3d,rain_7d,rain_14d,rain_30d,rain_7d_max,elevation,slope,label,terrain_source
2025-05-31,26.25,91.75,84.9,152.97,167.04,223.17,330.77,84.9,2317.8571428571427,26.71875,1,synthetic_fallback
2025-06-06,26.25,91.75,0.21,16.800000000000004,121.46,203.6,356.3,84.9,2317.8571428571427,26.71875,1,synthetic_fallback
2025-06-04,26.25,91.75,2.45,13.580000000000002,175.18,199.16,349.17,84.9,2317.8571428571427,26.71875,1,synthetic_fallback
2025-05-31,26.25,91.75,84.9,152.97,167.04,223.17,330.77,84.9,2317.8571428571427,26.71875,1,synthetic_fallback
2025-11-02,26.25,92.0,3.28,22.040000000000006,22.039999999999985,22.63999999999999,52.129999999999995,13.56,2317.8571428571427,27.5,1,synthetic_fallback
2025-05-31,26.25,91.75,84.9,152.97,167.04,223.17,330.77,84.9,2317.8571428571427,26.71875,1,synthetic_fallback
2025-07-05,26.25,92.0,17.86,36.24,51.379999999999995,140.36999999999998,209.98,17.86,2317.8571428571427,27.5,1,synthetic_fallback
2025-06-05,26.0,92.0,7.9,18.09,137.59,168.04,292.45,64.35,2228.5714285714284,27.5,1,synthetic_fallback
2025-06-05,25.75,93.25,6.34,18.84,125.34,155.81,271.03999999999996,65.2,2139.285714285714,31.40625,1,synthetic_fallback
2025-06-05,25.75,93.0,4.66,18.36,134.57000000000002,170.14,326.12,63.61,2139.285714285714,30.625,1,synthetic_fallback
2025-08-17,28.0,88.0,8.06,12.080000000000014,162.45,254.42000000000002,545.0200000000001,45.45,2942.8571428571427,15.0,1,synthetic_fallback
2025-09-03,28.0,88.0,4.99,16.510000000000016,128.31999999999996,204.35,474.96999999999997,47.14,2942.8571428571427,15.0,1,synthetic_fallback
2025-08-07,28.0,88.0,4.65,25.230000000000015,88.61999999999996,241.7,429.88,21.04,2942.8571428571427,15.0,1,synthetic_fallback
2025-08-31,28.0,88.0,23.2,64.67000000000002,137.54999999999998,221.62,514.03,47.14,2942.8571428571427,15.0,1,synthetic_fallback
2025-08-22,28.0,88.0,13.34,33.24000000000001,60.46999999999997,245.79999999999998,510.30999999999995,14.94,2942.8571428571427,15.0,1,synthetic_fallback
2025-08-13,28.0,88.0,28.29,106.77000000000002,160.57999999999998,262.25,530.92,45.45,2942.8571428571427,15.0,1,synthetic_fallback
2025-08-05,28.0,88.0,14.67,53.290000000000006,112.08999999999996,253.36999999999998,421.59,21.04,2942.8571428571427,15.0,1,synthetic_fallback
2025-08-25,28.0,88.0,8.64,40.63000000000001,82.75999999999998,209.70999999999998,522.52,19.47,2942.8571428571427,15.0,1,synthetic_fallback
2025-09-01,28.0,88.0,10.82,43.070000000000014,139.72999999999996,222.49,507.9,47.14,2942.8571428571427,15.0,1,synthetic_fallback
2025-09-01,28.0,88.0,10.82,43.070000000000014,139.72999999999996,222.49,507.9,47.14,2942.8571428571427,15.0,1,synthetic_fallback
2025-09-03,28.0,88.0,4.99,16.510000000000016,128.31999999999996,204.35,474.96999999999997,47.14,2942.8571428571427,15.0,1,synthetic_fallback
2025-08-07,28.0,88.0,4.65,25.230000000000015,88.61999999999996,241.7,429.88,21.04,2942.8571428571427,15.0,1,synthetic_fallback
2025-09-07,28.0,88.0,21.62,42.000000000000014,71.98999999999998,209.54000000000002,487.33,21.62,2942.8571428571427,15.0,1,synthetic_fallback
2025-08-05,28.0,88.0,14.67,53.290000000000006,112.08999999999996,253.36999999999998,421.59,21.04,2942.8571428571427,15.0,1,synthetic_fallback
2025-08-05,28.0,88.0,14.67,53.290000000000006,112.08999999999996,253.36999999999998,421.59,21.04,2942.8571428571427,15.0,1,synthetic_fallback
2025-09-03,28.0,88.0,4.99,16.510000000000016,128.31999999999996,204.35,474.96999999999997,47.14,2942.8571428571427,15.0,1,synthetic_fallback
2025-09-13,28.0,88.0,11.02,48.500000000000014,159.16999999999996,232.74,443.24,53.11,2942.8571428571427,15.0,1,synthetic_fallback
2025-07-07,28.0,88.0,1.37,22.800000000000004,80.66999999999999,146.74,260.34,28.86,2942.8571428571427,15.0,1,synthetic_fallback
2025-09-19,28.0,88.0,10.85,52.87000000000001,150.32,318.84999999999997,536.68,42.27,2942.8571428571427,15.0,1,synthetic_fallback
2025-11-22,28.0,88.0,2.36,2.360000000000007,2.3599999999999715,2.36,114.48,2.36,2942.8571428571427,15.0,1,synthetic_fallback
2025-03-20,28.0,88.0,0.0,3.6800000000000037,20.3,45.86,138.28,10.65,2942.8571428571427,15.0,1,synthetic_fallback
2025-08-19,28.0,88.0,8.89,26.900000000000013,102.80999999999996,241.01000000000002,522.67,43.6,2942.8571428571427,15.0,1,synthetic_fallback
2025-08-05,28.0,88.0,14.67,53.290000000000006,112.08999999999996,253.36999999999998,421.59,21.04,2942.8571428571427,15.0,1,synthetic_fallback
2025-07-22,28.0,88.0,26.89,68.34,92.67999999999998,165.95000000000002,324.89000000000004,40.05,2942.8571428571427,15.0,1,synthetic_fallback
2025-09-03,28.0,88.0,4.99,16.510000000000016,128.31999999999996,204.35,474.96999999999997,47.14,2942.8571428571427,15.0,1,synthetic_fallback
2025-08-17,28.0,88.0,8.06,12.080000000000014,162.45,254.42000000000002,545.0200000000001,45.45,2942.8571428571427,15.0,1,synthetic_fallback
2025-08-31,28.0,88.0,23.2,64.67000000000002,137.54999999999998,221.62,514.03,47.14,2942.8571428571427,15.0,1,synthetic_fallback
2025-08-26,28.0,88.0,5.28,33.390000000000015,79.14999999999998,181.95999999999998,525.79,19.47,2942.8571428571427,15.0,1,synthetic_fallback
2025-04-20,28.0,88.0,18.6,25.660000000000004,48.019999999999996,78.92,117.0,18.6,2942.8571428571427,15.0,1,synthetic_fallback
2025-04-20,28.0,88.0,18.6,25.660000000000004,48.019999999999996,78.92,117.0,18.6,2942.8571428571427,15.0,1,synthetic_fallback
2025-04-20,28.0,88.0,18.6,25.660000000000004,48.019999999999996,78.92,117.0,18.6,2942.8571428571427,15.0,1,synthetic_fallback
2025-04-20,28.0,88.0,18.6,25.660000000000004,48.019999999999996,78.92,117.0,18.6,2942.8571428571427,15.0,1,synthetic_fallback
2025-04-20,28.0,88.0,18.6,25.660000000000004,48.019999999999996,78.92,117.0,18.6,2942.8571428571427,15.0,1,synthetic_fallback
2025-04-20,28.0,88.0,18.6,25.660000000000004,48.019999999999996,78.92,117.0,18.6,2942.8571428571427,15.0,1,synthetic_fallback
2025-04-20,28.0,88.0,18.6,25.660000000000004,48.019999999999996,78.92,117.0,18.6,2942.8571428571427,15.0,1,synthetic_fallback
2025-04-20,28.0,88.0,18.6,25.660000000000004,48.019999999999996,78.92,117.0,18.6,2942.8571428571427,15.0,1,synthetic_fallback
2025-04-20,28.0,88.0,18.6,25.660000000000004,48.019999999999996,78.92,117.0,18.6,2942.8571428571427,15.0,1,synthetic_fallback
2025-04-20,28.0,88.0,18.6,25.660000000000004,48.019999999999996,78.92,117.0,18.6,2942.8571428571427,15.0,1,synthetic_fallback
2025-04-20,28.0,88.0,18.6,25.660000000000004,48.019999999999996,78.92,117.0,18.6,2942.8571428571427,15.0,1,synthetic_fallback
2025-04-18,28.0,88.0,7.06,13.610000000000003,52.209999999999994,60.32,98.88000000000001,18.61,2942.8571428571427,15.0,1,synthetic_fallback
2025-04-18,28.0,88.0,7.06,13.610000000000003,52.209999999999994,60.32,98.88000000000001,18.61,2942.8571428571427,15.0,1,synthetic_fallback
2025-04-18,28.0,88.0,7.06,13.610000000000003,52.209999999999994,60.32,98.88000000000001,18.61,2942.8571428571427,15.0,1,synthetic_fallback
2025-07-18,28.0,88.0,0.32,23.200000000000003,54.22999999999998,120.17,303.94,18.38,2942.8571428571427,15.0,1,synthetic_fallback
2025-07-21,28.0,88.0,1.4,42.589999999999996,84.16999999999999,139.95999999999998,316.85999999999996,40.05,2942.8571428571427,15.0,1,synthetic_fallback
2025-07-21,28.0,88.0,1.4,42.589999999999996,84.16999999999999,139.95999999999998,316.85999999999996,40.05,2942.8571428571427,15.0,1,synthetic_fallback
2025-07-21,28.0,88.0,1.4,42.589999999999996,84.16999999999999,139.95999999999998,316.85999999999996,40.05,2942.8571428571427,15.0,1,synthetic_fallback
2025-08-27,28.0,88.0,11.82,25.740000000000016,76.02999999999997,165.49,515.26,19.47,2942.8571428571427,15.0,1,synthetic_fallback
2025-08-27,28.0,88.0,11.82,25.740000000000016,76.02999999999997,165.49,515.26,19.47,2942.8571428571427,15.0,1,synthetic_fallback
2025-08-27,28.0,88.0,11.82,25.740000000000016,76.02999999999997,165.49,515.26,19.47,2942.8571428571427,15.0,1,synthetic_fallback
2025-08-26,28.0,88.0,5.28,33.390000000000015,79.14999999999998,181.95999999999998,525.79,19.47,2942.8571428571427,15.0,1,synthetic_fallback
2025-08-26,28.0,88.0,5.28,33.390000000000015,79.14999999999998,181.95999999999998,525.79,19.47,2942.8571428571427,15.0,1,synthetic_fallback
2025-08-27,28.0,88.0,11.82,25.740000000000016,76.02999999999997,165.49,515.26,19.47,2942.8571428571427,15.0,1,synthetic_fallback
2025-07-18,28.0,88.0,0.32,23.200000000000003,54.22999999999998,120.17,303.94,18.38,2942.8571428571427,15.0,1,synthetic_fallback
2025-07-20,28.0,88.0,40.05,41.51,86.17999999999998,139.93,322.22,40.05,2942.8571428571427,15.0,1,synthetic_fallback
2025-07-20,28.0,88.0,40.05,41.51,86.17999999999998,139.93,322.22,40.05,2942.8571428571427,15.0,1,synthetic_fallback
2025-07-20,28.0,88.0,40.05,41.51,86.17999999999998,139.93,322.22,40.05,2942.8571428571427,15.0,1,synthetic_fallback
2025-07-18,28.0,88.0,0.32,23.200000000000003,54.22999999999998,120.17,303.94,18.38,2942.8571428571427,15.0,1,synthetic_fallback
2025-07-21,28.0,88.0,1.4,42.589999999999996,84.16999999999999,139.95999999999998,316.85999999999996,40.05,2942.8571428571427,15.0,1,synthetic_fallback
2025-07-27,28.0,88.0,2.01,25.509999999999998,76.02999999999999,162.20999999999998,310.05999999999995,26.89,2942.8571428571427,15.0,1,synthetic_fallback
2025-07-25,28.0,88.0,10.13,32.36,101.83999999999997,156.07,323.52,40.05,2942.8571428571427,15.0,1,synthetic_fallback
2025-07-20,28.0,88.0,40.05,41.51,86.17999999999998,139.93,322.22,40.05,2942.8571428571427,15.0,1,synthetic_fallback
2025-07-20,28.0,88.0,40.05,41.51,86.17999999999998,139.93,322.22,40.05,2942.8571428571427,15.0,1,synthetic_fallback
2025-07-20,28.0,88.0,40.05,41.51,86.17999999999998,139.93,322.22,40.05,2942.8571428571427,15.0,1,synthetic_fallback
2025-07-30,28.0,88.0,16.33,109.87,140.29999999999995,233.56,405.13,71.19,2942.8571428571427,15.0,1,synthetic_fallback
2025-07-30,28.0,88.0,16.33,109.87,140.29999999999995,233.56,405.13,71.19,2942.8571428571427,15.0,1,synthetic_fallback
2025-07-20,28.0,88.0,40.05,41.51,86.17999999999998,139.93,322.22,40.05,2942.8571428571427,15.0,1,synthetic_fallback
2025-07-20,28.0,88.0,40.05,41.51,86.17999999999998,139.93,322.22,40.05,2942.8571428571427,15.0,1,synthetic_fallback
2025-07-30,28.0,88.0,16.33,109.87,140.29999999999995,233.56,405.13,71.19,2942.8571428571427,15.0,1,synthetic_fallback
2025-07-20,28.0,88.0,40.05,41.51,86.17999999999998,139.93,322.22,40.05,2942.8571428571427,15.0,1,synthetic_fallback
2025-07-20,28.0,88.0,40.05,41.51,86.17999999999998,139.93,322.22,40.05,2942.8571428571427,15.0,1,synthetic_fallback
2025-07-30,28.0,88.0,16.33,109.87,140.29999999999995,233.56,405.13,71.19,2942.8571428571427,15.0,1,synthetic_fallback
2025-07-30,28.0,88.0,16.33,109.87,140.29999999999995,233.56,405.13,71.19,2942.8571428571427,15.0,1,synthetic_fallback
2025-07-30,28.0,88.0,16.33,109.87,140.29999999999995,233.56,405.13,71.19,2942.8571428571427,15.0,1,synthetic_fallback
2025-08-17,28.0,88.0,8.06,12.080000000000014,162.45,254.42000000000002,545.0200000000001,45.45,2942.8571428571427,15.0,1,synthetic_fallback
2025-08-17,28.0,88.0,8.06,12.080000000000014,162.45,254.42000000000002,545.0200000000001,45.45,2942.8571428571427,15.0,1,synthetic_fallback
2025-08-17,28.0,88.0,8.06,12.080000000000014,162.45,254.42000000000002,545.0200000000001,45.45,2942.8571428571427,15.0,1,synthetic_fallback
2025-08-17,28.0,88.0,8.06,12.080000000000014,162.45,254.42000000000002,545.0200000000001,45.45,2942.8571428571427,15.0,1,synthetic_fallback
2025-08-17,28.0,88.0,8.06,12.080000000000014,162.45,254.42000000000002,545.0200000000001,45.45,2942.8571428571427,15.0,1,synthetic_fallback
2025-08-14,28.0,88.0,43.6,104.92000000000002,199.52999999999997,288.15000000000003,556.14,45.45,2942.8571428571427,15.0,1,synthetic_fallback
2025-08-13,28.0,88.0,28.29,106.77000000000002,160.57999999999998,262.25,530.92,45.45,2942.8571428571427,15.0,1,synthetic_fallback
2025-08-31,28.0,88.0,23.2,64.67000000000002,137.54999999999998,221.62,514.03,47.14,2942.8571428571427,15.0,1,synthetic_fallback
2025-08-31,28.0,88.0,23.2,64.67000000000002,137.54999999999998,221.62,514.03,47.14,2942.8571428571427,15.0,1,synthetic_fallback
2025-08-14,28.0,88.0,43.6,104.92000000000002,199.52999999999997,288.15000000000003,556.14,45.45,2942.8571428571427,15.0,1,synthetic_fallback
2025-08-14,28.0,88.0,43.6,104.92000000000002,199.52999999999997,288.15000000000003,556.14,45.45,2942.8571428571427,15.0,1,synthetic_fallback
2025-08-17,28.0,88.0,8.06,12.080000000000014,162.45,254.42000000000002,545.0200000000001,45.45,2942.8571428571427,15.0,1,synthetic_fallback
2025-09-03,28.0,88.0,4.99,16.510000000000016,128.31999999999996,204.35,474.96999999999997,47.14,2942.8571428571427,15.0,1,synthetic_fallback
2025-09-01,28.0,88.0,10.82,43.070000000000014,139.72999999999996,222.49,507.9,47.14,2942.8571428571427,15.0,1,synthetic_fallback
2025-09-02,28.0,88.0,0.7,34.72000000000001,135.14999999999998,214.29999999999998,487.56,47.14,2942.8571428571427,15.0,1,synthetic_fallback
2025-09-04,28.0,88.0,13.48,19.170000000000016,94.65999999999998,212.87,473.78000000000003,32.42,2942.8571428571427,15.0,1,synthetic_fallback
2025-09-02,28.0,88.0,0.7,34.72000000000001,135.14999999999998,214.29999999999998,487.56,47.14,2942.8571428571427,15.0,1,synthetic_fallback
2025-09-07,28.0,88.0,21.62,42.000000000000014,71.98999999999998,209.54000000000002,487.33,21.62,2942.8571428571427,15.0,1,synthetic_fallback
2025-09-07,28.0,88.0,21.62,42.000000000000014,71.98999999999998,209.54000000000002,487.33,21.62,2942.8571428571427,15.0,1,synthetic_fallback
2025-08-15,28.0,88.0,3.69,75.58000000000001,185.32999999999996,284.02000000000004,543.0999999999999,45.45,2942.8571428571427,15.0,1,synthetic_fallback
2025-08-28,28.0,88.0,47.14,64.24000000000001,118.20999999999998,169.03,491.21,47.14,2942.8571428571427,15.0,1,synthetic_fallback
2025-08-28,28.0,88.0,47.14,64.24000000000001,118.20999999999998,169.03,491.21,47.14,2942.8571428571427,15.0,1,synthetic_fallback
2025-08-26,28.0,88.0,5.28,33.390000000000015,79.14999999999998,181.95999999999998,525.79,19.47,2942.8571428571427,15.0,1,synthetic_fallback
2025-08-26,28.0,88.0,5.28,33.390000000000015,79.14999999999998,181.95999999999998,525.79,19.47,2942.8571428571427,15.0,1,synthetic_fallback
2025-08-26,28.0,88.0,5.28,33.390000000000015,79.14999999999998,181.95999999999998,525.79,19.47,2942.8571428571427,15.0,1,synthetic_fallback
2025-08-26,28.0,88.0,5.28,33.390000000000015,79.14999999999998,181.95999999999998,525.79,19.47,2942.8571428571427,15.0,1,synthetic_fallback
2025-08-27,28.0,88.0,11.82,25.740000000000016,76.02999999999997,165.49,515.26,19.47,2942.8571428571427,15.0,1,synthetic_fallback
2025-08-27,28.0,88.0,11.82,25.740000000000016,76.02999999999997,165.49,515.26,19.47,2942.8571428571427,15.0,1,synthetic_fallback
2025-08-27,28.0,88.0,11.82,25.740000000000016,76.02999999999997,165.49,515.26,19.47,2942.8571428571427,15.0,1,synthetic_fallback
2025-07-17,28.0,88.0,6.15,41.26,55.23999999999998,148.71,331.40000000000003,18.38,2942.8571428571427,15.0,1,synthetic_fallback
2025-07-17,28.0,88.0,6.15,41.26,55.23999999999998,148.71,331.40000000000003,18.38,2942.8571428571427,15.0,1,synthetic_fallback
2025-09-09,28.0,88.0,11.38,57.56000000000002,96.40999999999997,231.56000000000003,492.0,24.56,2942.8571428571427,15.0,1,synthetic_fallback
2025-09-01,28.0,88.0,10.82,43.070000000000014,139.72999999999996,222.49,507.9,47.14,2942.8571428571427,15.0,1,synthetic_fallback
2025-09-01,28.0,88.0,10.82,43.070000000000014,139.72999999999996,222.49,507.9,47.14,2942.8571428571427,15.0,1,synthetic_fallback
2025-09-01,28.0,88.0,10.82,43.070000000000014,139.72999999999996,222.49,507.9,47.14,2942.8571428571427,15.0,1,synthetic_fallback
2025-08-30,28.0,88.0,9.05,88.61000000000003,133.81999999999996,206.48,498.65000000000003,47.14,2942.8571428571427,15.0,1,synthetic_fallback
2025-08-30,28.0,88.0,9.05,88.61000000000003,133.81999999999996,206.48,498.65000000000003,47.14,2942.8571428571427,15.0,1,synthetic_fallback
2025-08-30,28.0,88.0,9.05,88.61000000000003,133.81999999999996,206.48,498.65000000000003,47.14,2942.8571428571427,15.0,1,synthetic_fallback
2025-08-30,28.0,88.0,9.05,88.61000000000003,133.81999999999996,206.48,498.65000000000003,47.14,2942.8571428571427,15.0,1,synthetic_fallback
2025-09-01,28.0,88.0,10.82,43.070000000000014,139.72999999999996,222.49,507.9,47.14,2942.8571428571427,15.0,1,synthetic_fallback
2025-06-12,27.0,88.0,9.67,9.67,23.799999999999997,93.63000000000001,356.23,9.67,2585.714285714286,15.0,1,synthetic_fallback
2025-06-24,23.25,91.0,0.0,0.0,0.0,0.0,0.0,0.0,1246.4285714285716,24.375,1,synthetic_fallback
2025-08-17,23.25,91.0,0.0,0.0,0.0,0.0,0.0,0.0,1246.4285714285716,24.375,1,synthetic_fallback
2025-08-12,23.25,91.0,0.0,0.0,0.0,0.0,0.0,0.0,1246.4285714285716,24.375,1,synthetic_fallback
2025-06-25,23.25,91.0,0.0,0.0,0.0,0.0,0.0,0.0,1246.4285714285716,24.375,1,synthetic_fallback
2025-06-25,23.25,91.0,0.0,0.0,0.0,0.0,0.0,0.0,1246.4285714285716,24.375,1,synthetic_fallback
2025-06-27,23.25,91.0,0.0,0.0,0.0,0.0,0.0,0.0,1246.4285714285716,24.375,1,synthetic_fallback
2025-05-31,23.25,91.0,0.0,0.0,0.0,0.0,0.0,0.0,1246.4285714285716,24.375,1,synthetic_fallback
2025-05-31,23.25,91.0,0.0,0.0,0.0,0.0,0.0,0.0,1246.4285714285716,24.375,1,synthetic_fallback
2025-05-28,23.25,91.0,0.0,0.0,0.0,0.0,0.0,0.0,1246.4285714285716,24.375,1,synthetic_fallback
2025-05-30,23.25,91.0,0.0,0.0,0.0,0.0,0.0,0.0,1246.4285714285716,24.375,1,synthetic_fallback
2025-05-30,23.25,91.0,0.0,0.0,0.0,0.0,0.0,0.0,1246.4285714285716,24.375,1,synthetic_fallback
2025-05-31,23.25,91.0,0.0,0.0,0.0,0.0,0.0,0.0,1246.4285714285716,24.375,1,synthetic_fallback
2025-05-31,23.25,91.0,0.0,0.0,0.0,0.0,0.0,0.0,1246.4285714285716,24.375,1,synthetic_fallback
2025-05-31,23.25,91.0,0.0,0.0,0.0,0.0,0.0,0.0,1246.4285714285716,24.375,1,synthetic_fallback
2025-05-31,23.25,91.0,0.0,0.0,0.0,0.0,0.0,0.0,1246.4285714285716,24.375,1,synthetic_fallback
2025-05-31,23.25,91.0,0.0,0.0,0.0,0.0,0.0,0.0,1246.4285714285716,24.375,1,synthetic_fallback
2025-05-30,23.25,91.0,0.0,0.0,0.0,0.0,0.0,0.0,1246.4285714285716,24.375,1,synthetic_fallback
2025-05-30,23.25,91.0,0.0,0.0,0.0,0.0,0.0,0.0,1246.4285714285716,24.375,1,synthetic_fallback
2025-05-30,23.25,91.0,0.0,0.0,0.0,0.0,0.0,0.0,1246.4285714285716,24.375,1,synthetic_fallback
2025-05-30,23.25,91.0,0.0,0.0,0.0,0.0,0.0,0.0,1246.4285714285716,24.375,1,synthetic_fallback
2025-07-12,27.0,88.0,0.0,33.8,61.410000000000004,174.88,379.59000000000003,30.57,2585.714285714286,15.0,1,synthetic_fallback
2025-07-12,27.0,88.0,0.0,33.8,61.410000000000004,174.88,379.59000000000003,30.57,2585.714285714286,15.0,1,synthetic_fallback
2025-07-28,23.25,91.0,0.0,0.0,0.0,0.0,0.0,0.0,1246.4285714285716,24.375,1,synthetic_fallback
2025-07-14,23.25,91.0,0.0,0.0,0.0,0.0,0.0,0.0,1246.4285714285716,24.375,1,synthetic_fallback
2025-08-16,23.25,91.0,0.0,0.0,0.0,0.0,0.0,0.0,1246.4285714285716,24.375,1,synthetic_fallback
2025-08-16,23.25,91.0,0.0,0.0,0.0,0.0,0.0,0.0,1246.4285714285716,24.375,1,synthetic_fallback
2025-06-16,23.25,91.0,0.0,0.0,0.0,0.0,0.0,0.0,1246.4285714285716,24.375,1,synthetic_fallback
2025-04-01,23.25,91.0,0.0,0.0,0.0,0.0,0.0,0.0,1246.4285714285716,24.375,1,synthetic_fallback
2025-07-03,27.0,88.0,24.98,37.2,88.94,195.59,318.39,24.98,2585.714285714286,15.0,1,synthetic_fallback
2025-06-15,27.0,88.0,26.04,41.32,52.0,88.50999999999999,257.24,26.04,2585.714285714286,15.0,1,synthetic_fallback
2025-08-26,23.25,91.0,0.0,0.0,0.0,0.0,0.0,0.0,1246.4285714285716,24.375,1,synthetic_fallback
2025-07-26,23.25,91.0,0.0,0.0,0.0,0.0,0.0,0.0,1246.4285714285716,24.375,1,synthetic_fallback
2025-07-16,23.25,91.0,0.0,0.0,0.0,0.0,0.0,0.0,1246.4285714285716,24.375,1,synthetic_fallback
2025-07-16,23.25,91.0,0.0,0.0,0.0,0.0,0.0,0.0,1246.4285714285716,24.375,1,synthetic_fallback
2025-07-06,23.25,91.0,0.0,0.0,0.0,0.0,0.0,0.0,1246.4285714285716,24.375,1,synthetic_fallback
2025-05-30,23.25,91.0,0.0,0.0,0.0,0.0,0.0,0.0,1246.4285714285716,24.375,1,synthetic_fallback
2025-05-30,23.25,91.0,0.0,0.0,0.0,0.0,0.0,0.0,1246.4285714285716,24.375,1,synthetic_fallback
2025-10-12,23.25,91.0,0.0,0.0,0.0,0.0,0.0,0.0,1246.4285714285716,24.375,1,synthetic_fallback
2025-07-27,27.0,88.0,4.71,52.85,104.93,214.23,408.42,39.02,2585.714285714286,15.0,1,synthetic_fallback
2025-07-27,27.0,88.0,4.71,52.85,104.93,214.23,408.42,39.02,2585.714285714286,15.0,1,synthetic_fallback
2025-07-27,27.0,88.0,4.71,52.85,104.93,214.23,408.42,39.02,2585.714285714286,15.0,1,synthetic_fallback
2025-08-21,27.0,88.0,12.29,17.369999999999983,28.880000000000013,198.59,544.6,12.29,2585.714285714286,15.0,1,synthetic_fallback
2025-08-20,27.0,88.0,3.24,9.349999999999985,31.110000000000014,186.41000000000003,547.0300000000001,14.52,2585.714285714286,15.0,1,synthetic_fallback
2025-08-20,27.0,88.0,3.24,9.349999999999985,31.110000000000014,186.41000000000003,547.0300000000001,14.52,2585.714285714286,15.0,1,synthetic_fallback
2025-08-20,27.0,88.0,3.24,9.349999999999985,31.110000000000014,186.41000000000003,547.0300000000001,14.52,2585.714285714286,15.0,1,synthetic_fallback
2025-08-20,27.0,88.0,3.24,9.349999999999985,31.110000000000014,186.41000000000003,547.0300000000001,14.52,2585.714285714286,15.0,1,synthetic_fallback
2025-08-20,27.0,88.0,3.24,9.349999999999985,31.110000000000014,186.41000000000003,547.0300000000001,14.52,2585.714285714286,15.0,1,synthetic_fallback
2025-08-19,27.0,88.0,1.84,7.539999999999985,53.38000000000001,194.85,547.2,25.51,2585.714285714286,15.0,1,synthetic_fallback
2025-08-21,27.0,88.0,12.29,17.369999999999983,28.880000000000013,198.59,544.6,12.29,2585.714285714286,15.0,1,synthetic_fallback
2025-07-26,27.0,88.0,39.02,58.28,125.47,215.50000000000003,408.04,39.02,2585.714285714286,15.0,1,synthetic_fallback
2025-07-26,27.0,88.0,39.02,58.28,125.47,215.50000000000003,408.04,39.02,2585.714285714286,15.0,1,synthetic_fallback
2025-07-25,27.0,88.0,9.12,43.06999999999999,86.61,176.48000000000002,396.41,25.25,2585.714285714286,15.0,1,synthetic_fallback
2025-07-25,27.0,88.0,9.12,43.06999999999999,86.61,176.48000000000002,396.41,25.25,2585.714285714286,15.0,1,synthetic_fallback
2025-07-26,27.0,88.0,39.02,58.28,125.47,215.50000000000003,408.04,39.02,2585.714285714286,15.0,1,synthetic_fallback
2025-08-21,27.0,88.0,12.29,17.369999999999983,28.880000000000013,198.59,544.6,12.29,2585.714285714286,15.0,1,synthetic_fallback
2025-08-27,27.0,88.0,1.17,7.409999999999986,54.100000000000016,85.21,460.09,12.74,2585.714285714286,15.0,1,synthetic_fallback
2025-08-27,27.0,88.0,1.17,7.409999999999986,54.100000000000016,85.21,460.09,12.74,2585.714285714286,15.0,1,synthetic_fallback
2025-07-20,27.0,88.0,25.25,27.419999999999995,109.30000000000001,173.51000000000002,399.78999999999996,33.39,2585.714285714286,15.0,1,synthetic_fallback
2025-07-20,27.0,88.0,25.25,27.419999999999995,109.30000000000001,173.51000000000002,399.78999999999996,33.39,2585.714285714286,15.0,1,synthetic_fallback
2025-07-20,27.0,88.0,25.25,27.419999999999995,109.30000000000001,173.51000000000002,399.78999999999996,33.39,2585.714285714286,15.0,1,synthetic_fallback
2025-08-21,27.0,88.0,12.29,17.369999999999983,28.880000000000013,198.59,544.6,12.29,2585.714285714286,15.0,1,synthetic_fallback
2025-08-21,27.0,88.0,12.29,17.369999999999983,28.880000000000013,198.59,544.6,12.29,2585.714285714286,15.0,1,synthetic_fallback
2025-08-20,27.0,88.0,3.24,9.349999999999985,31.110000000000014,186.41000000000003,547.0300000000001,14.52,2585.714285714286,15.0,1,synthetic_fallback
2025-08-20,27.0,88.0,3.24,9.349999999999985,31.110000000000014,186.41000000000003,547.0300000000001,14.52,2585.714285714286,15.0,1,synthetic_fallback
2025-08-20,27.0,88.0,3.24,9.349999999999985,31.110000000000014,186.41000000000003,547.0300000000001,14.52,2585.714285714286,15.0,1,synthetic_fallback
2025-08-20,27.0,88.0,3.24,9.349999999999985,31.110000000000014,186.41000000000003,547.0300000000001,14.52,2585.714285714286,15.0,1,synthetic_fallback
2025-08-20,27.0,88.0,3.24,9.349999999999985,31.110000000000014,186.41000000000003,547.0300000000001,14.52,2585.714285714286,15.0,1,synthetic_fallback
2025-08-20,27.0,88.0,3.24,9.349999999999985,31.110000000000014,186.41000000000003,547.0300000000001,14.52,2585.714285714286,15.0,1,synthetic_fallback
2025-08-20,27.0,88.0,3.24,9.349999999999985,31.110000000000014,186.41000000000003,547.0300000000001,14.52,2585.714285714286,15.0,1,synthetic_fallback
2025-07-17,27.0,88.0,9.88,72.5,91.09,191.46,419.18,33.39,2585.714285714286,15.0,1,synthetic_fallback
2025-08-20,27.0,88.0,3.24,9.349999999999985,31.110000000000014,186.41000000000003,547.0300000000001,14.52,2585.714285714286,15.0,1,synthetic_fallback
2025-08-21,27.0,88.0,12.29,17.369999999999983,28.880000000000013,198.59,544.6,12.29,2585.714285714286,15.0,1,synthetic_fallback
2025-08-19,27.0,88.0,1.84,7.539999999999985,53.38000000000001,194.85,547.2,25.51,2585.714285714286,15.0,1,synthetic_fallback
2025-08-19,27.0,88.0,1.84,7.539999999999985,53.38000000000001,194.85,547.2,25.51,2585.714285714286,15.0,1,synthetic_fallback
2025-08-20,27.0,88.0,3.24,9.349999999999985,31.110000000000014,186.41000000000003,547.0300000000001,14.52,2585.714285714286,15.0,1,synthetic_fallback
2025-07-27,27.0,88.0,4.71,52.85,104.93,214.23,408.42,39.02,2585.714285714286,15.0,1,synthetic_fallback
2025-07-27,27.0,88.0,4.71,52.85,104.93,214.23,408.42,39.02,2585.714285714286,15.0,1,synthetic_fallback
2025-07-27,27.0,88.0,4.71,52.85,104.93,214.23,408.42,39.02,2585.714285714286,15.0,1,synthetic_fallback
2025-08-19,27.0,88.0,1.84,7.539999999999985,53.38000000000001,194.85,547.2,25.51,2585.714285714286,15.0,1,synthetic_fallback
2025-07-15,27.0,88.0,29.23,44.589999999999996,96.19999999999999,176.76,382.86,30.57,2585.714285714286,15.0,1,synthetic_fallback
2025-08-19,27.0,88.0,1.84,7.539999999999985,53.38000000000001,194.85,547.2,25.51,2585.714285714286,15.0,1,synthetic_fallback
2025-08-20,27.0,88.0,3.24,9.349999999999985,31.110000000000014,186.41000000000003,547.0300000000001,14.52,2585.714285714286,15.0,1,synthetic_fallback
2025-08-19,27.0,88.0,1.84,7.539999999999985,53.38000000000001,194.85,547.2,25.51,2585.714285714286,15.0,1,synthetic_fallback
2025-08-19,27.0,88.0,1.84,7.539999999999985,53.38000000000001,194.85,547.2,25.51,2585.714285714286,15.0,1,synthetic_fallback
2025-08-20,27.0,88.0,3.24,9.349999999999985,31.110000000000014,186.41000000000003,547.0300000000001,14.52,2585.714285714286,15.0,1,synthetic_fallback
2025-08-19,27.0,88.0,1.84,7.539999999999985,53.38000000000001,194.85,547.2,25.51,2585.714285714286,15.0,1,synthetic_fallback
2025-05-31,24.75,93.5,36.41,105.94999999999999,114.63999999999999,127.37,179.18,36.54,1782.142857142857,32.1875,1,synthetic_fallback
2025-06-05,24.75,93.5,3.8,32.230000000000004,175.14000000000001,220.37,277.51,52.95,1782.142857142857,32.1875,1,synthetic_fallback
2025-05-30,25.5,91.75,140.51,148.46,196.49,384.67999999999995,528.76,140.51,2050.0,26.71875,1,synthetic_fallback
2025-05-30,25.5,91.75,140.51,148.46,196.49,384.67999999999995,528.76,140.51,2050.0,26.71875,1,synthetic_fallback
2025-05-30,25.5,91.75,140.51,148.46,196.49,384.67999999999995,528.76,140.51,2050.0,26.71875,1,synthetic_fallback
2025-05-31,25.25,91.75,154.3,308.18,365.63,580.03,761.97,154.3,1960.7142857142858,26.71875,1,synthetic_fallback
2025-05-31,25.25,91.75,154.3,308.18,365.63,580.03,761.97,154.3,1960.7142857142858,26.71875,1,synthetic_fallback
2025-05-31,25.25,91.75,154.3,308.18,365.63,580.03,761.97,154.3,1960.7142857142858,26.71875,1,synthetic_fallback
2025-05-30,25.5,91.5,161.46,176.28,233.45000000000002,461.97,626.26,161.46,2050.0,25.9375,1,synthetic_fallback
2025-05-30,25.75,91.5,91.79,96.83000000000001,131.4,277.93,382.36,91.79,2139.285714285714,25.9375,1,synthetic_fallback
2025-05-30,25.75,91.75,95.79,100.86000000000001,134.73000000000002,280.97,378.32000000000005,95.79,2139.285714285714,26.71875,1,synthetic_fallback
2025-05-30,25.75,91.75,95.79,100.86000000000001,134.73000000000002,280.97,378.32000000000005,95.79,2139.285714285714,26.71875,1,synthetic_fallback
2025-05-30,25.75,92.0,103.33,111.45,142.69,259.99,363.65999999999997,103.33,2139.285714285714,27.5,1,synthetic_fallback
2025-05-30,25.75,92.0,103.33,111.45,142.69,259.99,363.65999999999997,103.33,2139.285714285714,27.5,1,synthetic_fallback
2025-05-31,25.5,91.75,134.42,282.88,328.75,517.55,659.5899999999999,140.51,2050.0,26.71875,1,synthetic_fallback
2025-05-30,25.25,92.0,122.22,128.43,175.32999999999998,329.24,479.38,122.22,1960.7142857142858,27.5,1,synthetic_fallback
2025-05-30,25.75,92.0,103.33,111.45,142.69,259.99,363.65999999999997,103.33,2139.285714285714,27.5,1,synthetic_fallback
2025-07-02,25.5,91.5,50.79,80.69999999999999,89.59,196.76,358.67,50.79,2050.0,25.9375,1,synthetic_fallback
2025-05-30,25.25,91.25,261.19,285.42999999999995,374.49000000000007,769.0699999999999,1151.62,261.19,1960.7142857142858,25.15625,1,synthetic_fallback
2025-05-30,25.25,91.25,261.19,285.42999999999995,374.49000000000007,769.0699999999999,1151.62,261.19,1960.7142857142858,25.15625,1,synthetic_fallback
2025-05-30,25.75,92.0,103.33,111.45,142.69,259.99,363.65999999999997,103.33,2139.285714285714,27.5,1,synthetic_fallback
2025-05-30,25.75,92.0,103.33,111.45,142.69,259.99,363.65999999999997,103.33,2139.285714285714,27.5,1,synthetic_fallback
2025-05-29,25.75,91.75,3.45,15.870000000000001,42.120000000000005,185.62,285.21000000000004,13.4,2139.285714285714,26.71875,1,synthetic_fallback
2025-05-30,25.75,91.75,95.79,100.86000000000001,134.73000000000002,280.97,378.32000000000005,95.79,2139.285714285714,26.71875,1,synthetic_fallback
2025-06-25,25.75,91.75,3.46,24.85999999999999,43.67,81.88,393.39,14.14,2139.285714285714,26.71875,1,synthetic_fallback
2025-05-30,25.75,91.75,95.79,100.86000000000001,134.73000000000002,280.97,378.32000000000005,95.79,2139.285714285714,26.71875,1,synthetic_fallback
2025-05-30,25.75,91.75,95.79,100.86000000000001,134.73000000000002,280.97,378.32000000000005,95.79,2139.285714285714,26.71875,1,synthetic_fallback
2025-05-28,25.75,91.75,1.62,17.72,45.65,189.27,297.18,13.4,2139.285714285714,26.71875,1,synthetic_fallback
2025-05-28,25.75,91.75,1.62,17.72,45.65,189.27,297.18,13.4,2139.285714285714,26.71875,1,synthetic_fallback
2025-06-25,25.75,91.75,3.46,24.85999999999999,43.67,81.88,393.39,14.14,2139.285714285714,26.71875,1,synthetic_fallback
2025-06-11,25.75,91.75,0.0,3.199999999999986,37.290000000000006,299.09000000000003,507.48,22.91,2139.285714285714,26.71875,1,synthetic_fallback
2025-06-11,25.75,91.75,0.0,3.199999999999986,37.290000000000006,299.09000000000003,507.48,22.91,2139.285714285714,26.71875,1,synthetic_fallback
2025-06-11,25.75,91.75,0.0,3.199999999999986,37.290000000000006,299.09000000000003,507.48,22.91,2139.285714285714,26.71875,1,synthetic_fallback
2025-05-31,25.75,91.5,111.09,205.91,227.66000000000003,379.76,493.45000000000005,111.09,2139.285714285714,25.9375,1,synthetic_fallback
2025-05-31,25.75,91.5,111.09,205.91,227.66000000000003,379.76,493.45000000000005,111.09,2139.285714285714,25.9375,1,synthetic_fallback
2025-08-19,25.5,92.0,0.58,11.830000000000002,44.09,67.27000000000001,247.67,13.73,2050.0,27.5,1,synthetic_fallback
2025-05-29,23.75,92.75,26.33,40.23,110.89,201.11999999999998,312.17,40.08,1425.0,29.84375,1,synthetic_fallback
2025-05-13,23.75,92.75,11.26,38.29,55.69,108.32,172.49,26.64,1425.0,29.84375,1,synthetic_fallback
2025-05-31,23.75,92.75,75.85,160.73,231.21999999999997,325.81,446.57,75.85,1425.0,29.84375,1,synthetic_fallback
2025-06-01,23.75,92.75,85.45,219.84999999999997,300.15999999999997,376.46,522.03,85.45,1425.0,29.84375,1,synthetic_fallback
2025-05-24,23.75,92.75,3.03,21.660000000000007,94.59,145.32,234.01,35.93,1425.0,29.84375,1,synthetic_fallback
2025-06-01,23.75,92.75,85.45,219.84999999999997,300.15999999999997,376.46,522.03,85.45,1425.0,29.84375,1,synthetic_fallback
2025-06-01,23.5,92.75,86.77,224.88,307.81,385.78,509.63,86.77,1335.7142857142858,29.84375,1,synthetic_fallback
2025-06-01,23.25,92.75,73.34,231.10000000000002,327.7,417.89,512.31,99.31,1246.4285714285716,29.84375,1,synthetic_fallback
2025-05-31,23.25,92.75,99.31,183.54000000000002,270.15999999999997,369.4,446.27,99.31,1246.4285714285716,29.84375,1,synthetic_fallback
2025-05-30,23.25,92.75,58.45,87.32000000000001,173.41,281.11,346.96000000000004,58.45,1246.4285714285716,29.84375,1,synthetic_fallback
2025-05-30,23.25,92.75,58.45,87.32000000000001,173.41,281.11,346.96000000000004,58.45,1246.4285714285716,29.84375,1,synthetic_fallback
2025-05-30,23.25,92.75,58.45,87.32000000000001,173.41,281.11,346.96000000000004,58.45,1246.4285714285716,29.84375,1,synthetic_fallback
2025-05-30,23.25,92.75,58.45,87.32000000000001,173.41,281.11,346.96000000000004,58.45,1246.4285714285716,29.84375,1,synthetic_fallback
2025-06-01,23.25,92.75,73.34,231.10000000000002,327.7,417.89,512.31,99.31,1246.4285714285716,29.84375,1,synthetic_fallback
2025-05-31,23.25,92.75,99.31,183.54000000000002,270.15999999999997,369.4,446.27,99.31,1246.4285714285716,29.84375,1,synthetic_fallback
2025-05-31,23.25,92.75,99.31,183.54000000000002,270.15999999999997,369.4,446.27,99.31,1246.4285714285716,29.84375,1,synthetic_fallback
2025-05-30,23.25,92.75,58.45,87.32000000000001,173.41,281.11,346.96000000000004,58.45,1246.4285714285716,29.84375,1,synthetic_fallback
2025-05-31,23.25,92.75,99.31,183.54000000000002,270.15999999999997,369.4,446.27,99.31,1246.4285714285716,29.84375,1,synthetic_fallback
2025-06-01,23.25,92.75,73.34,231.10000000000002,327.7,417.89,512.31,99.31,1246.4285714285716,29.84375,1,synthetic_fallback
2025-05-31,23.25,92.75,99.31,183.54000000000002,270.15999999999997,369.4,446.27,99.31,1246.4285714285716,29.84375,1,synthetic_fallback
2025-05-31,23.25,92.75,99.31,183.54000000000002,270.15999999999997,369.4,446.27,99.31,1246.4285714285716,29.84375,1,synthetic_fallback
2025-05-31,23.25,92.75,99.31,183.54000000000002,270.15999999999997,369.4,446.27,99.31,1246.4285714285716,29.84375,1,synthetic_fallback
2025-05-31,23.25,92.75,99.31,183.54000000000002,270.15999999999997,369.4,446.27,99.31,1246.4285714285716,29.84375,1,synthetic_fallback
2025-06-01,23.25,92.75,73.34,231.10000000000002,327.7,417.89,512.31,99.31,1246.4285714285716,29.84375,1,synthetic_fallback
2025-06-01,23.25,92.75,73.34,231.10000000000002,327.7,417.89,512.31,99.31,1246.4285714285716,29.84375,1,synthetic_fallback
2025-05-30,23.25,92.75,58.45,87.32000000000001,173.41,281.11,346.96000000000004,58.45,1246.4285714285716,29.84375,1,synthetic_fallback
2025-05-30,23.25,92.75,58.45,87.32000000000001,173.41,281.11,346.96000000000004,58.45,1246.4285714285716,29.84375,1,synthetic_fallback
2025-05-30,23.25,92.75,58.45,87.32000000000001,173.41,281.11,346.96000000000004,58.45,1246.4285714285716,29.84375,1,synthetic_fallback
2025-05-30,23.25,92.75,58.45,87.32000000000001,173.41,281.11,346.96000000000004,58.45,1246.4285714285716,29.84375,1,synthetic_fallback
2025-05-31,23.25,92.75,99.31,183.54000000000002,270.15999999999997,369.4,446.27,99.31,1246.4285714285716,29.84375,1,synthetic_fallback
2025-05-31,23.25,92.75,99.31,183.54000000000002,270.15999999999997,369.4,446.27,99.31,1246.4285714285716,29.84375,1,synthetic_fallback
2025-05-31,23.25,92.75,99.31,183.54000000000002,270.15999999999997,369.4,446.27,99.31,1246.4285714285716,29.84375,1,synthetic_fallback
2025-05-31,23.25,92.75,99.31,183.54000000000002,270.15999999999997,369.4,446.27,99.31,1246.4285714285716,29.84375,1,synthetic_fallback
2025-05-31,23.25,92.75,99.31,183.54000000000002,270.15999999999997,369.4,446.27,99.31,1246.4285714285716,29.84375,1,synthetic_fallback
2025-05-31,23.25,92.75,99.31,183.54000000000002,270.15999999999997,369.4,446.27,99.31,1246.4285714285716,29.84375,1,synthetic_fallback
2025-05-31,23.25,92.75,99.31,183.54000000000002,270.15999999999997,369.4,446.27,99.31,1246.4285714285716,29.84375,1,synthetic_fallback
2025-06-01,23.0,92.75,40.55,265.9,401.9,508.25,587.42,171.41,1157.142857142857,29.84375,1,synthetic_fallback
2025-05-31,23.0,92.75,171.41,255.63,365.35,478.09999999999997,551.5,171.41,1157.142857142857,29.84375,1,synthetic_fallback
2025-05-31,23.0,92.75,171.41,255.63,365.35,478.09999999999997,551.5,171.41,1157.142857142857,29.84375,1,synthetic_fallback
2025-05-30,23.0,92.75,53.94,91.13,194.13,328.86,380.92,67.3,1157.142857142857,29.84375,1,synthetic_fallback
2025-05-31,23.0,92.75,171.41,255.63,365.35,478.09999999999997,551.5,171.41,1157.142857142857,29.84375,1,synthetic_fallback
2025-05-30,23.0,92.75,53.94,91.13,194.13,328.86,380.92,67.3,1157.142857142857,29.84375,1,synthetic_fallback
2025-05-31,22.5,93.0,168.84,255.82,368.45,488.59999999999997,564.55,168.84,978.5714285714286,30.625,1,synthetic_fallback
2025-05-31,22.5,93.0,168.84,255.82,368.45,488.59999999999997,564.55,168.84,978.5714285714286,30.625,1,synthetic_fallback
2025-05-31,22.5,93.0,168.84,255.82,368.45,488.59999999999997,564.55,168.84,978.5714285714286,30.625,1,synthetic_fallback
2025-05-30,22.5,93.0,54.58,94.91,199.61,342.93,401.22999999999996,68.64,978.5714285714286,30.625,1,synthetic_fallback
2025-05-31,22.5,93.0,168.84,255.82,368.45,488.59999999999997,564.55,168.84,978.5714285714286,30.625,1,synthetic_fallback
2025-05-31,22.5,93.0,168.84,255.82,368.45,488.59999999999997,564.55,168.84,978.5714285714286,30.625,1,synthetic_fallback
2025-06-01,22.5,93.0,37.05,260.47,403.1,516.4,598.21,168.84,978.5714285714286,30.625,1,synthetic_fallback
2025-05-31,22.5,93.0,168.84,255.82,368.45,488.59999999999997,564.55,168.84,978.5714285714286,30.625,1,synthetic_fallback
2025-05-31,22.5,93.0,168.84,255.82,368.45,488.59999999999997,564.55,168.84,978.5714285714286,30.625,1,synthetic_fallback
2025-05-31,22.75,92.75,157.32,247.36,360.53,486.15,562.23,157.32,1067.857142857143,29.84375,1,synthetic_fallback
2025-05-31,22.75,92.75,157.32,247.36,360.53,486.15,562.23,157.32,1067.857142857143,29.84375,1,synthetic_fallback
2025-05-31,22.75,92.75,157.32,247.36,360.53,486.15,562.23,157.32,1067.857142857143,29.84375,1,synthetic_fallback
2025-05-31,22.75,92.75,157.32,247.36,360.53,486.15,562.23,157.32,1067.857142857143,29.84375,1,synthetic_fallback
2025-05-31,22.75,92.75,157.32,247.36,360.53,486.15,562.23,157.32,1067.857142857143,29.84375,1,synthetic_fallback
2025-05-31,22.75,92.75,157.32,247.36,360.53,486.15,562.23,157.32,1067.857142857143,29.84375,1,synthetic_fallback
2025-05-31,22.75,92.75,157.32,247.36,360.53,486.15,562.23,157.32,1067.857142857143,29.84375,1,synthetic_fallback
2025-05-31,22.75,92.75,157.32,247.36,360.53,486.15,562.23,157.32,1067.857142857143,29.84375,1,synthetic_fallback
2025-06-01,22.75,92.75,38.19,251.44,396.16999999999996,514.23,597.18,157.32,1067.857142857143,29.84375,1,synthetic_fallback
2025-06-01,23.0,92.75,40.55,265.9,401.9,508.25,587.42,171.41,1157.142857142857,29.84375,1,synthetic_fallback
2025-06-01,23.0,92.75,40.55,265.9,401.9,508.25,587.42,171.41,1157.142857142857,29.84375,1,synthetic_fallback
2025-06-01,23.0,92.75,40.55,265.9,401.9,508.25,587.42,171.41,1157.142857142857,29.84375,1,synthetic_fallback
2025-06-01,23.0,92.75,40.55,265.9,401.9,508.25,587.42,171.41,1157.142857142857,29.84375,1,synthetic_fallback
2025-06-02,23.0,92.75,72.36,284.32,406.96,580.61,644.0,171.41,1157.142857142857,29.84375,1,synthetic_fallback
2025-06-01,23.0,92.75,40.55,265.9,401.9,508.25,587.42,171.41,1157.142857142857,29.84375,1,synthetic_fallback
2025-05-31,23.0,92.75,171.41,255.63,365.35,478.09999999999997,551.5,171.41,1157.142857142857,29.84375,1,synthetic_fallback
2025-05-31,23.0,93.0,158.76,247.01999999999998,358.2,478.61,552.48,158.76,1157.142857142857,30.625,1,synthetic_fallback
2025-05-31,23.0,93.0,158.76,247.01999999999998,358.2,478.61,552.48,158.76,1157.142857142857,30.625,1,synthetic_fallback
2025-05-31,23.0,93.0,158.76,247.01999999999998,358.2,478.61,552.48,158.76,1157.142857142857,30.625,1,synthetic_fallback
2025-05-31,23.0,93.0,158.76,247.01999999999998,358.2,478.61,552.48,158.76,1157.142857142857,30.625,1,synthetic_fallback
2025-05-31,23.0,93.0,158.76,247.01999999999998,358.2,478.61,552.48,158.76,1157.142857142857,30.625,1,synthetic_fallback
2025-05-31,23.0,93.0,158.76,247.01999999999998,358.2,478.61,552.48,158.76,1157.142857142857,30.625,1,synthetic_fallback
2025-05-31,23.0,93.0,158.76,247.01999999999998,358.2,478.61,552.48,158.76,1157.142857142857,30.625,1,synthetic_fallback
2025-06-01,23.25,93.0,64.65,254.24,369.05999999999995,463.25,556.32,132.07,1246.4285714285716,30.625,1,synthetic_fallback
2025-06-01,23.25,93.0,64.65,254.24,369.05999999999995,463.25,556.32,132.07,1246.4285714285716,30.625,1,synthetic_fallback
2025-06-01,23.25,93.0,64.65,254.24,369.05999999999995,463.25,556.32,132.07,1246.4285714285716,30.625,1,synthetic_fallback
2025-06-01,23.25,93.0,64.65,254.24,369.05999999999995,463.25,556.32,132.07,1246.4285714285716,30.625,1,synthetic_fallback
2025-05-31,23.25,93.0,132.07,217.9,317.84,419.33000000000004,499.32,132.07,1246.4285714285716,30.625,1,synthetic_fallback
2025-05-29,23.25,93.0,28.31,57.59,152.99,244.29,309.73,57.23,1246.4285714285716,30.625,1,synthetic_fallback
2025-05-31,23.25,93.0,132.07,217.9,317.84,419.33000000000004,499.32,132.07,1246.4285714285716,30.625,1,synthetic_fallback
2025-05-31,23.25,93.0,132.07,217.9,317.84,419.33000000000004,499.32,132.07,1246.4285714285716,30.625,1,synthetic_fallback
2025-05-31,23.25,93.0,132.07,217.9,317.84,419.33000000000004,499.32,132.07,1246.4285714285716,30.625,1,synthetic_fallback
2025-05-31,23.25,92.75,99.31,183.54000000000002,270.15999999999997,369.4,446.27,99.31,1246.4285714285716,29.84375,1,synthetic_fallback
2025-05-31,23.25,92.75,99.31,183.54000000000002,270.15999999999997,369.4,446.27,99.31,1246.4285714285716,29.84375,1,synthetic_fallback
2025-05-31,23.25,92.75,99.31,183.54000000000002,270.15999999999997,369.4,446.27,99.31,1246.4285714285716,29.84375,1,synthetic_fallback
2025-05-31,23.25,92.75,99.31,183.54000000000002,270.15999999999997,369.4,446.27,99.31,1246.4285714285716,29.84375,1,synthetic_fallback
2025-05-31,23.25,92.75,99.31,183.54000000000002,270.15999999999997,369.4,446.27,99.31,1246.4285714285716,29.84375,1,synthetic_fallback
2025-05-31,23.25,92.75,99.31,183.54000000000002,270.15999999999997,369.4,446.27,99.31,1246.4285714285716,29.84375,1,synthetic_fallback
2025-05-31,23.25,92.75,99.31,183.54000000000002,270.15999999999997,369.4,446.27,99.31,1246.4285714285716,29.84375,1,synthetic_fallback
2025-05-31,23.25,92.75,99.31,183.54000000000002,270.15999999999997,369.4,446.27,99.31,1246.4285714285716,29.84375,1,synthetic_fallback
2025-05-31,23.0,92.75,171.41,255.63,365.35,478.09999999999997,551.5,171.41,1157.142857142857,29.84375,1,synthetic_fallback
2025-05-31,23.25,92.75,99.31,183.54000000000002,270.15999999999997,369.4,446.27,99.31,1246.4285714285716,29.84375,1,synthetic_fallback
2025-05-31,23.25,92.75,99.31,183.54000000000002,270.15999999999997,369.4,446.27,99.31,1246.4285714285716,29.84375,1,synthetic_fallback
2025-05-31,23.25,92.75,99.31,183.54000000000002,270.15999999999997,369.4,446.27,99.31,1246.4285714285716,29.84375,1,synthetic_fallback
2025-05-31,23.25,92.75,99.31,183.54000000000002,270.15999999999997,369.4,446.27,99.31,1246.4285714285716,29.84375,1,synthetic_fallback
2025-05-31,23.25,92.75,99.31,183.54000000000002,270.15999999999997,369.4,446.27,99.31,1246.4285714285716,29.84375,1,synthetic_fallback
2025-05-31,23.25,92.75,99.31,183.54000000000002,270.15999999999997,369.4,446.27,99.31,1246.4285714285716,29.84375,1,synthetic_fallback
2025-05-31,23.25,92.75,99.31,183.54000000000002,270.15999999999997,369.4,446.27,99.31,1246.4285714285716,29.84375,1,synthetic_fallback
2025-05-31,23.25,92.75,99.31,183.54000000000002,270.15999999999997,369.4,446.27,99.31,1246.4285714285716,29.84375,1,synthetic_fallback
2025-05-31,23.25,92.75,99.31,183.54000000000002,270.15999999999997,369.4,446.27,99.31,1246.4285714285716,29.84375,1,synthetic_fallback
2025-05-31,23.25,92.75,99.31,183.54000000000002,270.15999999999997,369.4,446.27,99.31,1246.4285714285716,29.84375,1,synthetic_fallback
2025-05-31,23.25,92.75,99.31,183.54000000000002,270.15999999999997,369.4,446.27,99.31,1246.4285714285716,29.84375,1,synthetic_fallback
2025-06-08,23.25,92.75,9.79,17.98,134.86,462.56,625.48,74.11,1246.4285714285716,29.84375,1,synthetic_fallback
2025-05-31,23.25,92.75,99.31,183.54000000000002,270.15999999999997,369.4,446.27,99.31,1246.4285714285716,29.84375,1,synthetic_fallback
2025-05-31,23.25,92.75,99.31,183.54000000000002,270.15999999999997,369.4,446.27,99.31,1246.4285714285716,29.84375,1,synthetic_fallback
2025-05-31,23.25,92.75,99.31,183.54000000000002,270.15999999999997,369.4,446.27,99.31,1246.4285714285716,29.84375,1,synthetic_fallback
2025-05-31,23.25,92.75,99.31,183.54000000000002,270.15999999999997,369.4,446.27,99.31,1246.4285714285716,29.84375,1,synthetic_fallback
2025-06-01,23.25,92.75,73.34,231.10000000000002,327.7,417.89,512.31,99.31,1246.4285714285716,29.84375,1,synthetic_fallback
2025-06-01,23.25,92.75,73.34,231.10000000000002,327.7,417.89,512.31,99.31,1246.4285714285716,29.84375,1,synthetic_fallback
2025-06-01,23.25,92.75,73.34,231.10000000000002,327.7,417.89,512.31,99.31,1246.4285714285716,29.84375,1,synthetic_fallback
2025-06-01,23.25,92.75,73.34,231.10000000000002,327.7,417.89,512.31,99.31,1246.4285714285716,29.84375,1,synthetic_fallback
2025-05-31,23.25,92.75,99.31,183.54000000000002,270.15999999999997,369.4,446.27,99.31,1246.4285714285716,29.84375,1,synthetic_fallback
2025-05-31,23.25,92.75,99.31,183.54000000000002,270.15999999999997,369.4,446.27,99.31,1246.4285714285716,29.84375,1,synthetic_fallback
2025-05-29,23.25,92.75,25.78,51.1,134.13,223.83,288.51,45.5,1246.4285714285716,29.84375,1,synthetic_fallback
2025-05-30,23.25,92.75,58.45,87.32000000000001,173.41,281.11,346.96000000000004,58.45,1246.4285714285716,29.84375,1,synthetic_fallback
2025-05-31,23.25,92.75,99.31,183.54000000000002,270.15999999999997,369.4,446.27,99.31,1246.4285714285716,29.84375,1,synthetic_fallback
2025-06-01,23.25,92.75,73.34,231.10000000000002,327.7,417.89,512.31,99.31,1246.4285714285716,29.84375,1,synthetic_fallback
2025-06-01,23.25,92.75,73.34,231.10000000000002,327.7,417.89,512.31,99.31,1246.4285714285716,29.84375,1,synthetic_fallback
2025-05-31,23.25,92.75,99.31,183.54000000000002,270.15999999999997,369.4,446.27,99.31,1246.4285714285716,29.84375,1,synthetic_fallback
2025-05-31,23.25,92.75,99.31,183.54000000000002,270.15999999999997,369.4,446.27,99.31,1246.4285714285716,29.84375,1,synthetic_fallback
2025-05-31,23.25,92.75,99.31,183.54000000000002,270.15999999999997,369.4,446.27,99.31,1246.4285714285716,29.84375,1,synthetic_fallback
2025-05-31,23.25,92.75,99.31,183.54000000000002,270.15999999999997,369.4,446.27,99.31,1246.4285714285716,29.84375,1,synthetic_fallback
2025-05-31,23.25,92.75,99.31,183.54000000000002,270.15999999999997,369.4,446.27,99.31,1246.4285714285716,29.84375,1,synthetic_fallback
2025-05-31,23.25,92.75,99.31,183.54000000000002,270.15999999999997,369.4,446.27,99.31,1246.4285714285716,29.84375,1,synthetic_fallback
2025-05-31,23.25,92.75,99.31,183.54000000000002,270.15999999999997,369.4,446.27,99.31,1246.4285714285716,29.84375,1,synthetic_fallback
2025-06-01,23.25,92.75,73.34,231.10000000000002,327.7,417.89,512.31,99.31,1246.4285714285716,29.84375,1,synthetic_fallback
2025-06-01,23.25,93.0,64.65,254.24,369.05999999999995,463.25,556.32,132.07,1246.4285714285716,30.625,1,synthetic_fallback
2025-06-01,23.75,93.0,64.93,180.24,253.5,320.24,431.1,65.55,1425.0,30.625,1,synthetic_fallback
2025-05-31,23.25,93.0,132.07,217.9,317.84,419.33000000000004,499.32,132.07,1246.4285714285716,30.625,1,synthetic_fallback
2025-05-31,23.25,92.75,99.31,183.54000000000002,270.15999999999997,369.4,446.27,99.31,1246.4285714285716,29.84375,1,synthetic_fallback
2025-05-31,23.25,92.75,99.31,183.54000000000002,270.15999999999997,369.4,446.27,99.31,1246.4285714285716,29.84375,1,synthetic_fallback
2025-06-01,23.25,92.75,73.34,231.10000000000002,327.7,417.89,512.31,99.31,1246.4285714285716,29.84375,1,synthetic_fallback
2025-06-01,23.25,92.75,73.34,231.10000000000002,327.7,417.89,512.31,99.31,1246.4285714285716,29.84375,1,synthetic_fallback
2025-05-31,23.25,92.75,99.31,183.54000000000002,270.15999999999997,369.4,446.27,99.31,1246.4285714285716,29.84375,1,synthetic_fallback
2025-06-01,23.25,92.75,73.34,231.10000000000002,327.7,417.89,512.31,99.31,1246.4285714285716,29.84375,1,synthetic_fallback
2025-06-01,23.25,92.75,73.34,231.10000000000002,327.7,417.89,512.31,99.31,1246.4285714285716,29.84375,1,synthetic_fallback
2025-06-01,23.25,92.75,73.34,231.10000000000002,327.7,417.89,512.31,99.31,1246.4285714285716,29.84375,1,synthetic_fallback
2025-05-31,23.25,92.75,99.31,183.54000000000002,270.15999999999997,369.4,446.27,99.31,1246.4285714285716,29.84375,1,synthetic_fallback
2025-05-31,23.25,92.75,99.31,183.54000000000002,270.15999999999997,369.4,446.27,99.31,1246.4285714285716,29.84375,1,synthetic_fallback
2025-05-31,23.25,92.75,99.31,183.54000000000002,270.15999999999997,369.4,446.27,99.31,1246.4285714285716,29.84375,1,synthetic_fallback
2025-06-01,23.25,92.75,73.34,231.10000000000002,327.7,417.89,512.31,99.31,1246.4285714285716,29.84375,1,synthetic_fallback
2025-06-01,23.25,92.75,73.34,231.10000000000002,327.7,417.89,512.31,99.31,1246.4285714285716,29.84375,1,synthetic_fallback
2025-06-01,23.25,92.75,73.34,231.10000000000002,327.7,417.89,512.31,99.31,1246.4285714285716,29.84375,1,synthetic_fallback
2025-06-01,23.25,92.75,73.34,231.10000000000002,327.7,417.89,512.31,99.31,1246.4285714285716,29.84375,1,synthetic_fallback
2025-06-01,23.25,92.75,73.34,231.10000000000002,327.7,417.89,512.31,99.31,1246.4285714285716,29.84375,1,synthetic_fallback
2025-06-01,23.25,92.75,73.34,231.10000000000002,327.7,417.89,512.31,99.31,1246.4285714285716,29.84375,1,synthetic_fallback
2025-06-01,23.25,92.75,73.34,231.10000000000002,327.7,417.89,512.31,99.31,1246.4285714285716,29.84375,1,synthetic_fallback
2025-06-01,23.25,92.75,73.34,231.10000000000002,327.7,417.89,512.31,99.31,1246.4285714285716,29.84375,1,synthetic_fallback
2025-06-01,23.25,92.75,73.34,231.10000000000002,327.7,417.89,512.31,99.31,1246.4285714285716,29.84375,1,synthetic_fallback
2025-06-01,23.25,92.75,73.34,231.10000000000002,327.7,417.89,512.31,99.31,1246.4285714285716,29.84375,1,synthetic_fallback
2025-06-01,23.25,92.75,73.34,231.10000000000002,327.7,417.89,512.31,99.31,1246.4285714285716,29.84375,1,synthetic_fallback
2025-06-01,23.25,92.75,73.34,231.10000000000002,327.7,417.89,512.31,99.31,1246.4285714285716,29.84375,1,synthetic_fallback
2025-06-01,23.25,92.75,73.34,231.10000000000002,327.7,417.89,512.31,99.31,1246.4285714285716,29.84375,1,synthetic_fallback
2025-06-01,23.25,92.75,73.34,231.10000000000002,327.7,417.89,512.31,99.31,1246.4285714285716,29.84375,1,synthetic_fallback
2025-06-01,23.25,92.75,73.34,231.10000000000002,327.7,417.89,512.31,99.31,1246.4285714285716,29.84375,1,synthetic_fallback
2025-06-01,23.25,92.5,78.47,225.7,310.4,393.96000000000004,480.59,89.13,1246.4285714285716,29.0625,1,synthetic_fallback
2025-06-01,23.25,92.5,78.47,225.7,310.4,393.96000000000004,480.59,89.13,1246.4285714285716,29.0625,1,synthetic_fallback
2025-06-01,23.25,92.5,78.47,225.7,310.4,393.96000000000004,480.59,89.13,1246.4285714285716,29.0625,1,synthetic_fallback
2025-06-01,23.25,92.5,78.47,225.7,310.4,393.96000000000004,480.59,89.13,1246.4285714285716,29.0625,1,synthetic_fallback
2025-06-01,23.25,92.5,78.47,225.7,310.4,393.96000000000004,480.59,89.13,1246.4285714285716,29.0625,1,synthetic_fallback
2025-06-01,23.25,92.5,78.47,225.7,310.4,393.96000000000004,480.59,89.13,1246.4285714285716,29.0625,1,synthetic_fallback
2025-06-01,23.25,92.5,78.47,225.7,310.4,393.96000000000004,480.59,89.13,1246.4285714285716,29.0625,1,synthetic_fallback
2025-06-01,23.25,92.5,78.47,225.7,310.4,393.96000000000004,480.59,89.13,1246.4285714285716,29.0625,1,synthetic_fallback
2025-06-01,23.25,92.5,78.47,225.7,310.4,393.96000000000004,480.59,89.13,1246.4285714285716,29.0625,1,synthetic_fallback
2025-06-01,23.25,92.5,78.47,225.7,310.4,393.96000000000004,480.59,89.13,1246.4285714285716,29.0625,1,synthetic_fallback
2025-06-01,23.25,92.5,78.47,225.7,310.4,393.96000000000004,480.59,89.13,1246.4285714285716,29.0625,1,synthetic_fallback
2025-06-01,23.25,92.5,78.47,225.7,310.4,393.96000000000004,480.59,89.13,1246.4285714285716,29.0625,1,synthetic_fallback
2025-06-01,23.25,92.5,78.47,225.7,310.4,393.96000000000004,480.59,89.13,1246.4285714285716,29.0625,1,synthetic_fallback
2025-06-01,23.25,92.5,78.47,225.7,310.4,393.96000000000004,480.59,89.13,1246.4285714285716,29.0625,1,synthetic_fallback
2025-06-01,23.25,92.5,78.47,225.7,310.4,393.96000000000004,480.59,89.13,1246.4285714285716,29.0625,1,synthetic_fallback
2025-06-01,23.25,92.5,78.47,225.7,310.4,393.96000000000004,480.59,89.13,1246.4285714285716,29.0625,1,synthetic_fallback
2025-06-01,23.25,92.5,78.47,225.7,310.4,393.96000000000004,480.59,89.13,1246.4285714285716,29.0625,1,synthetic_fallback
2025-06-01,23.25,92.5,78.47,225.7,310.4,393.96000000000004,480.59,89.13,1246.4285714285716,29.0625,1,synthetic_fallback
2025-06-01,23.25,92.5,78.47,225.7,310.4,393.96000000000004,480.59,89.13,1246.4285714285716,29.0625,1,synthetic_fallback
2025-06-01,23.25,92.5,78.47,225.7,310.4,393.96000000000004,480.59,89.13,1246.4285714285716,29.0625,1,synthetic_fallback
2025-06-01,23.25,92.5,78.47,225.7,310.4,393.96000000000004,480.59,89.13,1246.4285714285716,29.0625,1,synthetic_fallback
2025-06-01,23.25,92.5,78.47,225.7,310.4,393.96000000000004,480.59,89.13,1246.4285714285716,29.0625,1,synthetic_fallback
2025-06-01,23.25,92.5,78.47,225.7,310.4,393.96000000000004,480.59,89.13,1246.4285714285716,29.0625,1,synthetic_fallback
2025-06-01,23.25,92.5,78.47,225.7,310.4,393.96000000000004,480.59,89.13,1246.4285714285716,29.0625,1,synthetic_fallback
2025-06-01,23.25,92.5,78.47,225.7,310.4,393.96000000000004,480.59,89.13,1246.4285714285716,29.0625,1,synthetic_fallback
2025-06-01,23.25,92.5,78.47,225.7,310.4,393.96000000000004,480.59,89.13,1246.4285714285716,29.0625,1,synthetic_fallback
2025-06-01,23.25,92.5,78.47,225.7,310.4,393.96000000000004,480.59,89.13,1246.4285714285716,29.0625,1,synthetic_fallback
2025-06-01,23.25,92.5,78.47,225.7,310.4,393.96000000000004,480.59,89.13,1246.4285714285716,29.0625,1,synthetic_fallback
2025-06-01,23.25,92.5,78.47,225.7,310.4,393.96000000000004,480.59,89.13,1246.4285714285716,29.0625,1,synthetic_fallback
2025-06-01,23.25,92.5,78.47,225.7,310.4,393.96000000000004,480.59,89.13,1246.4285714285716,29.0625,1,synthetic_fallback
2025-06-01,23.25,92.5,78.47,225.7,310.4,393.96000000000004,480.59,89.13,1246.4285714285716,29.0625,1,synthetic_fallback
2025-06-01,23.25,92.5,78.47,225.7,310.4,393.96000000000004,480.59,89.13,1246.4285714285716,29.0625,1,synthetic_fallback
2025-06-01,23.25,92.5,78.47,225.7,310.4,393.96000000000004,480.59,89.13,1246.4285714285716,29.0625,1,synthetic_fallback
2025-06-01,23.25,92.5,78.47,225.7,310.4,393.96000000000004,480.59,89.13,1246.4285714285716,29.0625,1,synthetic_fallback
2025-06-01,23.25,92.5,78.47,225.7,310.4,393.96000000000004,480.59,89.13,1246.4285714285716,29.0625,1,synthetic_fallback
2025-06-01,23.25,92.5,78.47,225.7,310.4,393.96000000000004,480.59,89.13,1246.4285714285716,29.0625,1,synthetic_fallback
2025-06-01,23.25,92.5,78.47,225.7,310.4,393.96000000000004,480.59,89.13,1246.4285714285716,29.0625,1,synthetic_fallback
2025-06-01,23.25,92.5,78.47,225.7,310.4,393.96000000000004,480.59,89.13,1246.4285714285716,29.0625,1,synthetic_fallback
2025-06-01,23.25,92.5,78.47,225.7,310.4,393.96000000000004,480.59,89.13,1246.4285714285716,29.0625,1,synthetic_fallback
2025-06-01,23.25,92.5,78.47,225.7,310.4,393.96000000000004,480.59,89.13,1246.4285714285716,29.0625,1,synthetic_fallback
2025-06-01,23.25,92.75,73.34,231.10000000000002,327.7,417.89,512.31,99.31,1246.4285714285716,29.84375,1,synthetic_fallback
2025-06-01,23.25,93.0,64.65,254.24,369.05999999999995,463.25,556.32,132.07,1246.4285714285716,30.625,1,synthetic_fallback
2025-06-01,23.25,93.0,64.65,254.24,369.05999999999995,463.25,556.32,132.07,1246.4285714285716,30.625,1,synthetic_fallback
2025-06-01,23.25,93.0,64.65,254.24,369.05999999999995,463.25,556.32,132.07,1246.4285714285716,30.625,1,synthetic_fallback
2025-06-01,23.25,93.0,64.65,254.24,369.05999999999995,463.25,556.32,132.07,1246.4285714285716,30.625,1,synthetic_fallback
2025-06-01,23.25,93.0,64.65,254.24,369.05999999999995,463.25,556.32,132.07,1246.4285714285716,30.625,1,synthetic_fallback
2025-06-01,23.25,93.0,64.65,254.24,369.05999999999995,463.25,556.32,132.07,1246.4285714285716,30.625,1,synthetic_fallback
2025-05-31,23.25,93.0,132.07,217.9,317.84,419.33000000000004,499.32,132.07,1246.4285714285716,30.625,1,synthetic_fallback
2025-05-31,23.25,93.0,132.07,217.9,317.84,419.33000000000004,499.32,132.07,1246.4285714285716,30.625,1,synthetic_fallback
2025-05-31,23.25,93.25,132.48,221.68,322.64,430.03999999999996,505.34999999999997,132.48,1246.4285714285716,31.40625,1,synthetic_fallback
2025-06-01,23.25,93.25,55.28,243.85,367.97,468.32,553.91,132.48,1246.4285714285716,31.40625,1,synthetic_fallback
2025-05-31,23.25,93.25,132.48,221.68,322.64,430.03999999999996,505.34999999999997,132.48,1246.4285714285716,31.40625,1,synthetic_fallback
2025-06-01,23.25,93.25,55.28,243.85,367.97,468.32,553.91,132.48,1246.4285714285716,31.40625,1,synthetic_fallback
2025-06-01,23.25,93.25,55.28,243.85,367.97,468.32,553.91,132.48,1246.4285714285716,31.40625,1,synthetic_fallback
2025-06-01,23.25,93.25,55.28,243.85,367.97,468.32,553.91,132.48,1246.4285714285716,31.40625,1,synthetic_fallback
2025-06-12,23.5,93.25,1.44,5.5,15.049999999999999,177.04999999999998,314.36,3.09,1335.7142857142858,31.40625,1,synthetic_fallback
2025-06-14,23.5,93.25,2.15,6.8100000000000005,15.26,101.59,319.07,3.22,1335.7142857142858,31.40625,1,synthetic_fallback
2025-06-14,23.5,93.25,2.15,6.8100000000000005,15.26,101.59,319.07,3.22,1335.7142857142858,31.40625,1,synthetic_fallback
2025-06-14,23.5,93.25,2.15,6.8100000000000005,15.26,101.59,319.07,3.22,1335.7142857142858,31.40625,1,synthetic_fallback
2025-06-15,23.75,93.0,45.73,67.78999999999999,91.96000000000001,184.09,541.01,45.73,1425.0,30.625,1,synthetic_fallback
2025-05-31,23.5,93.0,74.85,158.23000000000002,229.39999999999998,319.94,417.06999999999994,74.85,1335.7142857142858,30.625,1,synthetic_fallback
2025-06-15,23.75,93.0,45.73,67.78999999999999,91.96000000000001,184.09,541.01,45.73,1425.0,30.625,1,synthetic_fallback
2025-05-31,23.75,92.75,75.85,160.73,231.21999999999997,325.81,446.57,75.85,1425.0,29.84375,1,synthetic_fallback
2025-06-01,23.75,92.75,85.45,219.84999999999997,300.15999999999997,376.46,522.03,85.45,1425.0,29.84375,1,synthetic_fallback
2025-06-14,24.25,93.0,0.0,0.0,1.21,127.66999999999999,398.0,1.21,1603.5714285714287,30.625,1,synthetic_fallback
2025-06-14,24.25,93.0,0.0,0.0,1.21,127.66999999999999,398.0,1.21,1603.5714285714287,30.625,1,synthetic_fallback
2025-05-29,24.25,93.0,31.25,33.5,58.459999999999994,152.85,235.57,31.25,1603.5714285714287,30.625,1,synthetic_fallback
2025-06-01,24.25,93.0,89.71,207.19,256.06,319.95,440.31,89.71,1603.5714285714287,30.625,1,synthetic_fallback
2025-06-15,23.75,92.75,68.24,104.07999999999998,141.57999999999998,278.06,698.6999999999999,68.24,1425.0,29.84375,1,synthetic_fallback
2025-01-02,23.5,92.75,0.0,0.0,0.0,0.0,0.0,0.0,1335.7142857142858,29.84375,1,synthetic_fallback
2025-09-13,23.5,92.75,8.12,26.489999999999966,62.94999999999998,161.7,355.55999999999995,30.06,1335.7142857142858,29.84375,1,synthetic_fallback
2025-06-02,23.25,92.75,74.11,246.76000000000002,356.31,491.62,566.56,99.31,1246.4285714285716,29.84375,1,synthetic_fallback
2025-06-05,23.25,92.75,10.55,42.77,347.98,482.11,607.84,99.31,1246.4285714285716,29.84375,1,synthetic_fallback
2025-06-02,23.25,92.75,74.11,246.76000000000002,356.31,491.62,566.56,99.31,1246.4285714285716,29.84375,1,synthetic_fallback
2025-05-24,23.25,92.75,2.56,35.120000000000005,99.24000000000001,144.62,179.74,35.74,1246.4285714285716,29.84375,1,synthetic_fallback
2025-06-02,23.25,92.75,74.11,246.76000000000002,356.31,491.62,566.56,99.31,1246.4285714285716,29.84375,1,synthetic_fallback
2025-06-06,23.25,92.75,0.7,16.92,290.22999999999996,463.64000000000004,608.2,99.31,1246.4285714285716,29.84375,1,synthetic_fallback
2025-06-03,23.25,92.75,26.55,174.0,360.63000000000005,515.02,592.1800000000001,99.31,1246.4285714285716,29.84375,1,synthetic_fallback
2025-06-02,23.25,92.75,74.11,246.76000000000002,356.31,491.62,566.56,99.31,1246.4285714285716,29.84375,1,synthetic_fallback
2025-06-02,23.25,92.75,74.11,246.76000000000002,356.31,491.62,566.56,99.31,1246.4285714285716,29.84375,1,synthetic_fallback
2025-06-02,23.25,92.75,74.11,246.76000000000002,356.31,491.62,566.56,99.31,1246.4285714285716,29.84375,1,synthetic_fallback
2025-06-02,23.25,92.75,74.11,246.76000000000002,356.31,491.62,566.56,99.31,1246.4285714285716,29.84375,1,synthetic_fallback
2025-06-15,23.25,92.75,60.33,93.28999999999999,139.81,274.67,728.4300000000001,60.33,1246.4285714285716,29.84375,1,synthetic_fallback
2025-06-02,23.25,92.75,74.11,246.76000000000002,356.31,491.62,566.56,99.31,1246.4285714285716,29.84375,1,synthetic_fallback
2025-06-06,23.25,92.75,0.7,16.92,290.22999999999996,463.64000000000004,608.2,99.31,1246.4285714285716,29.84375,1,synthetic_fallback
2025-06-02,23.25,92.75,74.11,246.76000000000002,356.31,491.62,566.56,99.31,1246.4285714285716,29.84375,1,synthetic_fallback
2025-06-02,23.25,92.75,74.11,246.76000000000002,356.31,491.62,566.56,99.31,1246.4285714285716,29.84375,1,synthetic_fallback
2025-06-02,23.25,92.75,74.11,246.76000000000002,356.31,491.62,566.56,99.31,1246.4285714285716,29.84375,1,synthetic_fallback
2025-09-13,23.25,92.75,7.47,41.000000000000014,79.11,177.18,345.95000000000005,25.38,1246.4285714285716,29.84375,1,synthetic_fallback
2025-09-13,23.25,92.75,7.47,41.000000000000014,79.11,177.18,345.95000000000005,25.38,1246.4285714285716,29.84375,1,synthetic_fallback
2025-09-13,23.25,92.75,7.47,41.000000000000014,79.11,177.18,345.95000000000005,25.38,1246.4285714285716,29.84375,1,synthetic_fallback
2025-06-01,23.25,92.75,73.34,231.10000000000002,327.7,417.89,512.31,99.31,1246.4285714285716,29.84375,1,synthetic_fallback
2025-09-13,23.25,92.75,7.47,41.000000000000014,79.11,177.18,345.95000000000005,25.38,1246.4285714285716,29.84375,1,synthetic_fallback
2025-06-02,23.25,92.75,74.11,246.76000000000002,356.31,491.62,566.56,99.31,1246.4285714285716,29.84375,1,synthetic_fallback
2025-05-30,23.25,92.75,58.45,87.32000000000001,173.41,281.11,346.96000000000004,58.45,1246.4285714285716,29.84375,1,synthetic_fallback
2025-09-13,23.25,92.75,7.47,41.000000000000014,79.11,177.18,345.95000000000005,25.38,1246.4285714285716,29.84375,1,synthetic_fallback
2025-06-06,23.25,92.75,0.7,16.92,290.22999999999996,463.64000000000004,608.2,99.31,1246.4285714285716,29.84375,1,synthetic_fallback
2025-05-29,23.25,92.75,25.78,51.1,134.13,223.83,288.51,45.5,1246.4285714285716,29.84375,1,synthetic_fallback
2025-05-30,23.25,92.75,58.45,87.32000000000001,173.41,281.11,346.96000000000004,58.45,1246.4285714285716,29.84375,1,synthetic_fallback
2025-05-30,23.25,92.75,58.45,87.32000000000001,173.41,281.11,346.96000000000004,58.45,1246.4285714285716,29.84375,1,synthetic_fallback
2025-09-13,23.25,92.75,7.47,41.000000000000014,79.11,177.18,345.95000000000005,25.38,1246.4285714285716,29.84375,1,synthetic_fallback
2025-06-01,23.0,92.75,40.55,265.9,401.9,508.25,587.42,171.41,1157.142857142857,29.84375,1,synthetic_fallback
2025-06-02,23.0,92.75,72.36,284.32,406.96,580.61,644.0,171.41,1157.142857142857,29.84375,1,synthetic_fallback
2025-05-30,23.0,92.75,53.94,91.13,194.13,328.86,380.92,67.3,1157.142857142857,29.84375,1,synthetic_fallback
2025-05-30,23.0,92.75,53.94,91.13,194.13,328.86,380.92,67.3,1157.142857142857,29.84375,1,synthetic_fallback
2025-06-01,23.0,92.75,40.55,265.9,401.9,508.25,587.42,171.41,1157.142857142857,29.84375,1,synthetic_fallback
2025-05-30,23.0,92.75,53.94,91.13,194.13,328.86,380.92,67.3,1157.142857142857,29.84375,1,synthetic_fallback
2025-06-06,23.0,92.75,0.51,46.23,348.09,542.22,701.49,171.41,1157.142857142857,29.84375,1,synthetic_fallback
2025-09-13,23.0,92.75,3.54,92.97,135.28,228.45000000000002,407.09999999999997,54.94,1157.142857142857,29.84375,1,synthetic_fallback
2025-09-13,23.0,92.75,3.54,92.97,135.28,228.45000000000002,407.09999999999997,54.94,1157.142857142857,29.84375,1,synthetic_fallback
2025-06-01,23.0,92.75,40.55,265.9,401.9,508.25,587.42,171.41,1157.142857142857,29.84375,1,synthetic_fallback
2025-05-31,23.0,92.75,171.41,255.63,365.35,478.09999999999997,551.5,171.41,1157.142857142857,29.84375,1,synthetic_fallback
2025-05-30,23.0,92.75,53.94,91.13,194.13,328.86,380.92,67.3,1157.142857142857,29.84375,1,synthetic_fallback
2025-06-15,23.0,92.75,50.07,86.11,163.32,318.71999999999997,859.54,50.07,1157.142857142857,29.84375,1,synthetic_fallback
2025-05-30,23.0,92.75,53.94,91.13,194.13,328.86,380.92,67.3,1157.142857142857,29.84375,1,synthetic_fallback
2025-01-19,26.0,94.25,0.0,0.0,0.0,12.2,12.2,0.0,2228.5714285714284,34.53125,1,synthetic_fallback
2025-07-07,26.5,94.5,0.31,78.60999999999997,228.78,293.26,546.13,79.29,2407.1428571428573,35.3125,1,synthetic_fallback
2025-07-07,25.5,94.0,8.92,47.65,80.19999999999999,132.48,276.33,28.3,2050.0,33.75,1,synthetic_fallback
2025-07-08,26.5,94.5,20.14,55.01999999999998,212.20000000000002,291.91999999999996,565.0699999999999,79.29,2407.1428571428573,35.3125,1,synthetic_fallback
2025-07-07,26.5,94.5,0.31,78.60999999999997,228.78,293.26,546.13,79.29,2407.1428571428573,35.3125,1,synthetic_fallback
2025-07-05,26.5,94.5,43.73,147.71999999999997,194.89000000000001,334.44,511.25,79.29,2407.1428571428573,35.3125,1,synthetic_fallback
2025-07-07,26.5,94.5,0.31,78.60999999999997,228.78,293.26,546.13,79.29,2407.1428571428573,35.3125,1,synthetic_fallback
2025-07-08,26.5,94.5,20.14,55.01999999999998,212.20000000000002,291.91999999999996,565.0699999999999,79.29,2407.1428571428573,35.3125,1,synthetic_fallback
2025-07-07,26.5,94.5,0.31,78.60999999999997,228.78,293.26,546.13,79.29,2407.1428571428573,35.3125,1,synthetic_fallback
2025-07-07,26.5,94.5,0.31,78.60999999999997,228.78,293.26,546.13,79.29,2407.1428571428573,35.3125,1,synthetic_fallback
2025-07-07,26.5,94.5,0.31,78.60999999999997,228.78,293.26,546.13,79.29,2407.1428571428573,35.3125,1,synthetic_fallback
2025-07-29,26.5,94.5,15.15,35.25999999999999,70.85000000000002,105.7,390.81,19.16,2407.1428571428573,35.3125,1,synthetic_fallback
2025-08-01,26.5,94.5,8.6,40.44999999999998,84.84000000000002,124.58,384.09,23.65,2407.1428571428573,35.3125,1,synthetic_fallback
2025-07-07,26.5,94.5,0.31,78.60999999999997,228.78,293.26,546.13,79.29,2407.1428571428573,35.3125,1,synthetic_fallback
2025-01-19,26.0,94.25,0.0,0.0,0.0,12.2,12.2,0.0,2228.5714285714284,34.53125,1,synthetic_fallback
2025-09-11,27.25,88.25,0.67,9.640000000000015,96.17000000000002,138.7,337.15,46.13,1573.0,16.759946823120117,1,real_gis
2025-07-19,27.25,88.5,1.42,24.909999999999986,109.53,234.38,517.8900000000001,44.67,1867.0,34.472625732421875,1,real_gis
2025-05-27,23.25,91.0,0.0,0.0,0.0,0.0,0.0,0.0,1246.4285714285716,24.375,1,synthetic_fallback
2025-05-25,23.25,91.0,0.0,0.0,0.0,0.0,0.0,0.0,1246.4285714285716,24.375,1,synthetic_fallback
2025-05-26,23.25,91.0,0.0,0.0,0.0,0.0,0.0,0.0,1246.4285714285716,24.375,1,synthetic_fallback
2025-05-26,23.25,91.0,0.0,0.0,0.0,0.0,0.0,0.0,1246.4285714285716,24.375,1,synthetic_fallback
2025-05-26,23.25,91.0,0.0,0.0,0.0,0.0,0.0,0.0,1246.4285714285716,24.375,1,synthetic_fallback
2025-05-25,23.25,91.0,0.0,0.0,0.0,0.0,0.0,0.0,1246.4285714285716,24.375,1,synthetic_fallback
2025-05-26,23.25,91.0,0.0,0.0,0.0,0.0,0.0,0.0,1246.4285714285716,24.375,1,synthetic_fallback
2025-05-26,23.25,91.0,0.0,0.0,0.0,0.0,0.0,0.0,1246.4285714285716,24.375,1,synthetic_fallback
2025-05-26,23.25,91.0,0.0,0.0,0.0,0.0,0.0,0.0,1246.4285714285716,24.375,1,synthetic_fallback
2025-05-26,23.25,91.0,0.0,0.0,0.0,0.0,0.0,0.0,1246.4285714285716,24.375,1,synthetic_fallback
2025-05-26,23.25,91.0,0.0,0.0,0.0,0.0,0.0,0.0,1246.4285714285716,24.375,1,synthetic_fallback
2025-05-26,23.25,91.0,0.0,0.0,0.0,0.0,0.0,0.0,1246.4285714285716,24.375,1,synthetic_fallback
2025-05-26,23.25,91.0,0.0,0.0,0.0,0.0,0.0,0.0,1246.4285714285716,24.375,1,synthetic_fallback
2025-05-26,23.25,91.0,0.0,0.0,0.0,0.0,0.0,0.0,1246.4285714285716,24.375,1,synthetic_fallback
2025-05-26,23.25,91.0,0.0,0.0,0.0,0.0,0.0,0.0,1246.4285714285716,24.375,1,synthetic_fallback
2025-05-25,23.25,91.0,0.0,0.0,0.0,0.0,0.0,0.0,1246.4285714285716,24.375,1,synthetic_fallback
2025-05-26,23.25,91.0,0.0,0.0,0.0,0.0,0.0,0.0,1246.4285714285716,24.375,1,synthetic_fallback
2025-10-17,23.25,91.0,0.0,0.0,0.0,0.0,0.0,0.0,1246.4285714285716,24.375,1,synthetic_fallback
2025-10-14,23.25,91.0,0.0,0.0,0.0,0.0,0.0,0.0,1246.4285714285716,24.375,1,synthetic_fallback
2025-10-19,23.25,91.0,0.0,0.0,0.0,0.0,0.0,0.0,1246.4285714285716,24.375,1,synthetic_fallback
2025-10-21,23.25,91.0,0.0,0.0,0.0,0.0,0.0,0.0,1246.4285714285716,24.375,1,synthetic_fallback
2025-10-22,23.25,91.0,0.0,0.0,0.0,0.0,0.0,0.0,1246.4285714285716,24.375,1,synthetic_fallback
2025-10-17,23.25,91.0,0.0,0.0,0.0,0.0,0.0,0.0,1246.4285714285716,24.375,1,synthetic_fallback
2025-10-20,23.25,91.0,0.0,0.0,0.0,0.0,0.0,0.0,1246.4285714285716,24.375,1,synthetic_fallback
2025-10-19,23.25,91.0,0.0,0.0,0.0,0.0,0.0,0.0,1246.4285714285716,24.375,1,synthetic_fallback
2025-10-18,23.25,91.0,0.0,0.0,0.0,0.0,0.0,0.0,1246.4285714285716,24.375,1,synthetic_fallback
2025-10-17,23.25,91.0,0.0,0.0,0.0,0.0,0.0,0.0,1246.4285714285716,24.375,1,synthetic_fallback
2025-10-22,23.25,91.0,0.0,0.0,0.0,0.0,0.0,0.0,1246.4285714285716,24.375,1,synthetic_fallback
2025-10-18,23.25,91.0,0.0,0.0,0.0,0.0,0.0,0.0,1246.4285714285716,24.375,1,synthetic_fallback
2025-10-21,23.25,91.0,0.0,0.0,0.0,0.0,0.0,0.0,1246.4285714285716,24.375,1,synthetic_fallback
2025-10-19,23.25,91.0,0.0,0.0,0.0,0.0,0.0,0.0,1246.4285714285716,24.375,1,synthetic_fallback
2025-10-19,23.25,91.0,0.0,0.0,0.0,0.0,0.0,0.0,1246.4285714285716,24.375,1,synthetic_fallback
2025-10-18,23.25,91.0,0.0,0.0,0.0,0.0,0.0,0.0,1246.4285714285716,24.375,1,synthetic_fallback
2025-10-19,23.25,91.0,0.0,0.0,0.0,0.0,0.0,0.0,1246.4285714285716,24.375,1,synthetic_fallback
2025-10-16,23.25,91.0,0.0,0.0,0.0,0.0,0.0,0.0,1246.4285714285716,24.375,1,synthetic_fallback
2025-10-19,23.25,91.0,0.0,0.0,0.0,0.0,0.0,0.0,1246.4285714285716,24.375,1,synthetic_fallback
2025-10-16,23.25,91.0,0.0,0.0,0.0,0.0,0.0,0.0,1246.4285714285716,24.375,1,synthetic_fallback
2025-10-18,23.25,91.0,0.0,0.0,0.0,0.0,0.0,0.0,1246.4285714285716,24.375,1,synthetic_fallback
2025-10-22,23.25,91.0,0.0,0.0,0.0,0.0,0.0,0.0,1246.4285714285716,24.375,1,synthetic_fallback
2025-10-19,23.25,91.0,0.0,0.0,0.0,0.0,0.0,0.0,1246.4285714285716,24.375,1,synthetic_fallback
2025-10-22,23.25,91.0,0.0,0.0,0.0,0.0,0.0,0.0,1246.4285714285716,24.375,1,synthetic_fallback
2025-10-18,23.25,91.0,0.0,0.0,0.0,0.0,0.0,0.0,1246.4285714285716,24.375,1,synthetic_fallback
2025-10-22,23.25,91.0,0.0,0.0,0.0,0.0,0.0,0.0,1246.4285714285716,24.375,1,synthetic_fallback
2025-10-22,23.25,91.0,0.0,0.0,0.0,0.0,0.0,0.0,1246.4285714285716,24.375,1,synthetic_fallback
2025-10-16,23.25,91.0,0.0,0.0,0.0,0.0,0.0,0.0,1246.4285714285716,24.375,1,synthetic_fallback
2025-10-22,23.25,91.0,0.0,0.0,0.0,0.0,0.0,0.0,1246.4285714285716,24.375,1,synthetic_fallback
2025-10-16,23.25,91.0,0.0,0.0,0.0,0.0,0.0,0.0,1246.4285714285716,24.375,1,synthetic_fallback
2025-10-20,23.25,91.0,0.0,0.0,0.0,0.0,0.0,0.0,1246.4285714285716,24.375,1,synthetic_fallback
2025-10-16,23.25,91.0,0.0,0.0,0.0,0.0,0.0,0.0,1246.4285714285716,24.375,1,synthetic_fallback
2025-10-16,23.25,91.0,0.0,0.0,0.0,0.0,0.0,0.0,1246.4285714285716,24.375,1,synthetic_fallback
2025-10-22,23.25,91.0,0.0,0.0,0.0,0.0,0.0,0.0,1246.4285714285716,24.375,1,synthetic_fallback
2025-10-18,23.25,91.0,0.0,0.0,0.0,0.0,0.0,0.0,1246.4285714285716,24.375,1,synthetic_fallback
2025-10-18,23.25,91.0,0.0,0.0,0.0,0.0,0.0,0.0,1246.4285714285716,24.375,1,synthetic_fallback
2025-10-19,23.25,91.0,0.0,0.0,0.0,0.0,0.0,0.0,1246.4285714285716,24.375,1,synthetic_fallback
2025-10-19,23.25,91.0,0.0,0.0,0.0,0.0,0.0,0.0,1246.4285714285716,24.375,1,synthetic_fallback
2025-10-14,23.25,91.0,0.0,0.0,0.0,0.0,0.0,0.0,1246.4285714285716,24.375,1,synthetic_fallback
2025-10-19,23.25,91.0,0.0,0.0,0.0,0.0,0.0,0.0,1246.4285714285716,24.375,1,synthetic_fallback
2025-10-22,23.25,91.0,0.0,0.0,0.0,0.0,0.0,0.0,1246.4285714285716,24.375,1,synthetic_fallback
2025-10-22,23.25,91.0,0.0,0.0,0.0,0.0,0.0,0.0,1246.4285714285716,24.375,1,synthetic_fallback
2025-10-05,27.0,88.25,138.23,165.31,170.87999999999997,180.75999999999996,500.5,138.23,1569.0,9.837574005126953,1,real_gis
2025-10-04,27.0,88.25,1.53,28.700000000000017,32.649999999999984,43.73999999999997,362.65,25.55,1448.0,24.53544044494629,1,real_gis
2025-10-05,27.0,88.25,138.23,165.31,170.87999999999997,180.75999999999996,500.5,138.23,1651.0,7.825526237487793,1,real_gis
2025-10-04,27.0,88.25,1.53,28.700000000000017,32.649999999999984,43.73999999999997,362.65,25.55,2298.0,26.4788818359375,1,real_gis
2025-12-15,27.0,88.5,0.0,0.0,0.0,0.0,0.0,0.0,1038.0,11.24276065826416,1,real_gis
2025-12-15,27.0,88.5,0.0,0.0,0.0,0.0,0.0,0.0,1244.0,16.307266235351562,1,real_gis
2025-06-10,28.0,88.0,0.0,0.0,36.45999999999998,149.04,510.96000000000004,17.62,2942.8571428571427,15.0,1,synthetic_fallback
2025-04-10,28.0,88.0,4.33,6.150000000000004,7.2,17.740000000000002,75.11,4.33,2942.8571428571427,15.0,1,synthetic_fallback
2025-06-23,28.0,88.0,11.3,36.92,90.41999999999997,113.60000000000001,287.08000000000004,27.78,2942.8571428571427,15.0,1,synthetic_fallback
2025-08-12,28.0,88.0,33.03,91.38000000000002,138.2,250.29,506.04,45.45,2942.8571428571427,15.0,1,synthetic_fallback
2025-08-23,28.0,88.0,12.52,30.820000000000014,72.65999999999997,239.95000000000002,517.91,14.94,2942.8571428571427,15.0,1,synthetic_fallback
2025-09-16,28.0,88.0,42.27,86.43,188.03999999999996,284.45,517.59,53.11,2942.8571428571427,15.0,1,synthetic_fallback
2025-09-16,28.0,88.0,42.27,86.43,188.03999999999996,284.45,517.59,53.11,2942.8571428571427,15.0,1,synthetic_fallback
2025-09-16,28.0,88.0,42.27,86.43,188.03999999999996,284.45,517.59,53.11,2942.8571428571427,15.0,1,synthetic_fallback
2025-09-16,28.0,88.0,42.27,86.43,188.03999999999996,284.45,517.59,53.11,2942.8571428571427,15.0,1,synthetic_fallback
2025-09-16,28.0,88.0,42.27,86.43,188.03999999999996,284.45,517.59,53.11,2942.8571428571427,15.0,1,synthetic_fallback
2025-09-16,28.0,88.0,42.27,86.43,188.03999999999996,284.45,517.59,53.11,2942.8571428571427,15.0,1,synthetic_fallback
2025-07-14,28.0,88.0,3.41,12.650000000000004,55.78999999999998,136.46,310.6,25.31,2942.8571428571427,15.0,1,synthetic_fallback
2025-09-22,27.25,91.0,0.0,0.0,0.0,0.0,0.0,0.0,2675.0,24.375,0,synthetic_fallback
2025-11-09,25.0,91.5,0.0,0.0,0.0,0.0,0.0,0.0,1871.4285714285713,25.9375,0,synthetic_fallback
2025-09-15,27.75,91.0,0.0,0.0,0.0,0.0,0.0,0.0,2853.5714285714284,24.375,0,synthetic_fallback
2025-01-24,24.75,92.25,0.0,0.0,0.0,0.0,0.0,0.0,1782.142857142857,28.28125,0,synthetic_fallback
2025-03-05,28.75,94.5,6.01,10.37,19.4,91.99000000000001,189.09999999999997,7.81,3210.714285714286,35.3125,0,synthetic_fallback
2025-04-08,25.25,92.25,0.0,37.33,37.33,39.1,58.769999999999996,37.33,1960.7142857142858,28.28125,0,synthetic_fallback
2025-11-15,26.5,92.25,0.0,0.0,0.0,9.7,29.979999999999997,0.0,2407.1428571428573,28.28125,0,synthetic_fallback
2025-08-03,27.25,94.25,13.91,50.95,122.47000000000003,158.29999999999998,295.76,34.99,2675.0,34.53125,0,synthetic_fallback
2025-06-18,24.0,93.25,1.92,30.17,30.349999999999994,37.26,244.75,22.5,1514.2857142857142,31.40625,0,synthetic_fallback
2025-12-18,27.5,91.25,0.0,0.0,0.0,0.0,0.0,0.0,2764.285714285714,25.15625,0,synthetic_fallback
2025-06-22,29.0,96.75,0.0,0.0,0.0,0.0,0.0,0.0,3300.0,42.34375,0,synthetic_fallback
2025-06-28,25.75,95.0,0.85,20.75999999999999,109.68,209.43,307.3,35.26,2139.285714285714,36.875,0,synthetic_fallback
2025-07-12,27.5,88.75,0.0,20.54,41.41999999999999,110.35000000000001,250.59,14.25,3939.0,36.00673294067383,0,real_gis
2025-01-26,26.5,89.75,0.0,0.14,0.14,0.14,0.14,0.14,2407.1428571428573,20.46875,0,synthetic_fallback
2025-01-19,26.25,91.25,0.0,0.0,0.0,4.4,4.4,0.0,2317.8571428571427,25.15625,0,synthetic_fallback
2025-07-11,28.5,95.75,0.0,21.919999999999987,33.14999999999999,62.17,234.62,20.39,3121.4285714285716,39.21875,0,synthetic_fallback
2025-05-07,27.25,94.75,0.0,0.0,0.45,278.73,389.10999999999996,0.45,2675.0,36.09375,0,synthetic_fallback
2025-11-16,26.25,95.25,0.0,0.0,0.0,0.0,0.0,0.0,2317.8571428571427,37.65625,0,synthetic_fallback
2025-10-28,27.75,93.5,0.0,0.14000000000001422,0.43,0.4299999999999858,77.38999999999997,0.29,2853.5714285714284,32.1875,0,synthetic_fallback
2025-06-25,27.75,96.25,33.29,48.23,102.66000000000001,116.8,396.71000000000004,33.29,2853.5714285714284,40.78125,0,synthetic_fallback
2025-04-05,23.75,92.5,0.0,0.0,0.0,0.0,3.74,0.0,1425.0,29.0625,0,synthetic_fallback
2025-04-05,25.75,90.5,0.0,0.0,5.88,6.39,9.39,5.88,2139.285714285714,22.8125,0,synthetic_fallback
2025-10-19,27.0,92.75,0.0,0.0,0.39999999999999647,18.47,104.52000000000001,0.4,2585.714285714286,29.84375,0,synthetic_fallback
2025-04-03,26.25,92.25,0.0,0.0,0.0,5.360000000000001,16.19,0.0,2317.8571428571427,28.28125,0,synthetic_fallback
2025-06-22,27.25,93.5,33.96,78.29999999999998,217.78000000000003,221.29999999999998,571.28,62.13,2675.0,32.1875,0,synthetic_fallback
2025-03-18,29.25,96.0,4.88,21.940000000000005,46.33,69.16,123.66,15.15,3389.2857142857147,40.0,0,synthetic_fallback
2025-06-19,29.0,97.0,0.0,0.0,0.0,0.0,0.0,0.0,3300.0,43.125,0,synthetic_fallback
2025-07-29,25.0,92.5,12.95,48.40999999999994,64.81000000000006,166.99,289.94,21.48,1871.4285714285713,29.0625,0,synthetic_fallback
2025-05-24,28.0,93.25,3.58,11.41,32.75,128.32,157.79,7.87,2942.8571428571427,31.40625,0,synthetic_fallback
2025-01-12,24.0,93.0,0.0,0.0,0.0,0.0,0.0,0.0,1514.2857142857142,30.625,0,synthetic_fallback
2025-11-11,26.5,92.0,0.0,0.0,0.0,22.08,22.08,0.0,2407.1428571428573,27.5,0,synthetic_fallback
2025-08-14,26.75,90.5,29.28,119.5,252.95,361.49,593.78,87.39,2496.4285714285716,22.8125,0,synthetic_fallback
2025-04-10,25.5,91.25,0.98,0.98,25.05,44.83,56.89999999999999,22.29,2050.0,25.15625,0,synthetic_fallback
2025-06-28,28.25,94.75,0.12,0.12,142.71,188.29,398.48,105.56,3032.1428571428573,36.09375,0,synthetic_fallback
2025-09-21,25.75,95.0,1.72,45.870000000000005,161.82,286.3,443.28,69.1,2139.285714285714,36.875,0,synthetic_fallback
2025-08-18,26.5,93.25,0.35,7.529999999999985,65.97,99.43999999999998,312.28000000000003,48.16,2407.1428571428573,31.40625,0,synthetic_fallback
2025-07-31,28.0,96.75,0.0,0.2799999999999858,17.81000000000002,43.150000000000006,108.13,8.3,2942.8571428571427,42.34375,0,synthetic_fallback
2025-05-16,27.25,93.5,11.17,185.47999999999996,232.65,273.91999999999996,455.09,119.46,2675.0,32.1875,0,synthetic_fallback
2025-10-15,27.25,96.0,0.0,0.0,50.06999999999999,62.160000000000025,254.9,21.63,2675.0,40.0,0,synthetic_fallback
2025-04-18,29.5,95.5,2.6,5.419999999999993,11.6,80.6,204.36999999999998,3.13,3478.5714285714284,38.4375,0,synthetic_fallback
2025-08-12,28.25,94.75,0.27,10.659999999999997,25.750000000000004,43.370000000000005,132.01999999999998,8.55,3032.1428571428573,36.09375,0,synthetic_fallback
2025-03-16,27.75,92.0,4.0,13.08,27.669999999999998,36.64,48.86000000000001,9.75,2853.5714285714284,27.5,0,synthetic_fallback
2025-07-26,29.5,97.0,0.0,0.0,0.0,0.0,0.0,0.0,3478.5714285714284,43.125,0,synthetic_fallback
2025-01-28,24.0,93.75,0.0,0.0,0.0,0.0,0.0,0.0,1514.2857142857142,32.96875,0,synthetic_fallback
2025-08-09,27.5,96.5,1.61,3.5200000000000036,27.93,44.87000000000003,95.71000000000001,10.31,2764.285714285714,41.5625,0,synthetic_fallback
2025-11-11,25.0,91.0,0.0,0.0,0.0,0.0,0.0,0.0,1871.4285714285713,24.375,0,synthetic_fallback
2025-02-12,25.75,90.75,0.0,0.0,0.0,0.0,0.0,0.0,2139.285714285714,23.59375,0,synthetic_fallback
2025-05-09,26.75,95.0,1.0,28.03,28.03,43.43,278.06,27.03,2496.4285714285716,36.875,0,synthetic_fallback
2025-02-20,29.5,95.0,0.0,0.0,0.0,0.0,0.0,0.0,3478.5714285714284,36.875,0,synthetic_fallback
2025-09-23,25.5,94.5,3.86,11.809999999999992,63.330000000000005,216.75,343.15,24.27,2050.0,35.3125,0,synthetic_fallback
2025-11-04,22.5,93.0,0.0,4.36,4.36,23.78,134.01999999999998,4.36,978.5714285714286,30.625,0,synthetic_fallback
2025-06-12,29.0,95.0,0.0,0.0,14.36,284.67999999999995,545.74,11.5,3300.0,36.875,0,synthetic_fallback
2025-01-05,26.25,90.25,0.0,0.0,0.0,0.0,0.0,0.0,2317.8571428571427,22.03125,0,synthetic_fallback
2025-11-09,27.75,93.75,0.0,0.0,0.7400000000000035,25.77999999999997,26.959999999999997,0.74,2853.5714285714284,32.96875,0,synthetic_fallback
2025-10-11,27.25,90.0,0.0,0.0,0.0,0.0,0.0,0.0,2675.0,21.25,0,synthetic_fallback
2025-03-17,22.75,92.0,0.0,0.0,0.0,0.0,0.0,0.0,1067.857142857143,27.5,0,synthetic_fallback
2025-12-23,26.0,93.25,0.0,0.0,0.0,0.0,0.0,0.0,2228.5714285714284,31.40625,0,synthetic_fallback
2025-07-23,26.5,92.25,0.0,40.63,51.489999999999995,110.56,264.49,23.07,2407.1428571428573,28.28125,0,synthetic_fallback
2025-07-30,29.0,97.0,0.0,0.0,0.0,0.0,0.0,0.0,3300.0,43.125,0,synthetic_fallback
2025-05-07,29.25,94.5,34.28,45.600000000000016,51.269999999999996,121.75000000000003,288.38,34.28,3389.2857142857147,35.3125,0,synthetic_fallback
2025-01-22,25.0,91.75,0.0,0.0,0.0,0.0,0.0,0.0,1871.4285714285713,26.71875,0,synthetic_fallback
2025-02-13,28.0,91.25,0.0,0.0,0.0,0.0,0.0,0.0,2942.8571428571427,25.15625,0,synthetic_fallback
2025-02-16,25.75,94.0,0.0,2.55,2.55,2.55,2.55,1.57,2139.285714285714,33.75,0,synthetic_fallback
2025-11-22,25.5,90.0,0.0,0.0,0.0,0.0,88.57,0.0,2050.0,21.25,0,synthetic_fallback
2025-03-19,29.5,96.0,0.0,23.3,55.300000000000004,77.4,127.9,16.6,3478.5714285714284,40.0,0,synthetic_fallback
2025-11-28,25.75,94.75,0.0,0.0,1.4299999999999857,1.43,28.81,0.74,2139.285714285714,36.09375,0,synthetic_fallback
2025-04-09,25.75,93.25,0.0,0.96,4.49,4.49,22.56,3.53,2139.285714285714,31.40625,0,synthetic_fallback
2025-08-10,26.5,93.75,1.39,43.589999999999996,68.39,186.23,323.42,36.11,2407.1428571428573,32.96875,0,synthetic_fallback
2025-12-02,27.75,97.0,0.0,0.0,0.0,0.0,0.12,0.0,2853.5714285714284,43.125,0,synthetic_fallback
2025-06-17,26.25,92.25,10.03,18.519999999999992,19.259999999999998,22.1,194.2,10.03,2317.8571428571427,28.28125,0,synthetic_fallback
2025-08-17,25.75,95.0,11.35,43.38999999999999,99.52999999999999,194.26,410.64,29.77,2139.285714285714,36.875,0,synthetic_fallback
2025-06-08,26.25,94.25,2.51,2.5099999999999856,18.54,165.98000000000002,247.04999999999998,6.27,2317.8571428571427,34.53125,0,synthetic_fallback
2025-01-26,26.5,94.5,0.0,0.0,0.0,0.2,21.5,0.0,2407.1428571428573,35.3125,0,synthetic_fallback
2025-04-19,26.25,90.5,0.0,2.95,30.24,53.06,53.910000000000004,27.29,2317.8571428571427,22.8125,0,synthetic_fallback
2025-12-16,24.25,94.5,0.0,0.0,0.0,0.0,0.0,0.0,1603.5714285714287,35.3125,0,synthetic_fallback
2025-08-02,26.25,92.5,8.73,14.06000000000002,72.66,124.78000000000002,252.49,29.08,2317.8571428571427,29.0625,0,synthetic_fallback
2025-02-25,25.5,90.75,0.0,7.79,7.79,7.79,7.79,7.79,2050.0,23.59375,0,synthetic_fallback
2025-06-29,25.25,91.75,4.96,11.729999999999993,61.209999999999965,231.76999999999998,574.91,18.54,1960.7142857142858,26.71875,0,synthetic_fallback
2025-07-04,27.0,92.0,14.38,20.04,72.29,144.24,214.67,45.19,2585.714285714286,27.5,0,synthetic_fallback
2025-08-20,26.5,95.75,0.0,0.0,0.0,0.0,0.0,0.0,2407.1428571428573,39.21875,0,synthetic_fallback
2025-05-04,26.0,92.25,0.0,1.04,8.55,28.82,84.05,4.57,2228.5714285714284,28.28125,0,synthetic_fallback
2025-06-19,27.5,90.5,0.0,0.0,0.0,0.0,0.0,0.0,2764.285714285714,22.8125,0,synthetic_fallback
2025-01-10,26.75,91.5,0.0,0.35,0.35,0.35,0.35,0.35,2496.4285714285716,25.9375,0,synthetic_fallback
2025-07-28,24.0,92.0,8.75,32.58,94.7,199.57000000000002,451.92,31.31,1514.2857142857142,27.5,0,synthetic_fallback
2025-02-18,27.5,95.0,1.15,1.96,25.650000000000002,31.689999999999998,37.099999999999994,9.33,2764.285714285714,36.875,0,synthetic_fallback
2025-04-14,28.75,97.25,0.0,0.0,0.0,0.0,0.0,0.0,3210.714285714286,43.90625,0,synthetic_fallback
2025-09-07,26.75,90.25,3.75,4.119999999999987,4.12,19.609999999999985,305.60999999999996,3.75,2496.4285714285716,22.03125,0,synthetic_fallback
2025-07-18,23.75,91.25,20.43,24.77,76.75999999999999,294.25,360.7,34.51,1425.0,25.15625,0,synthetic_fallback
2025-05-08,26.25,94.25,47.64,64.39,82.56,107.22999999999999,193.32,47.64,2317.8571428571427,34.53125,0,synthetic_fallback
2025-06-26,24.75,92.5,11.96,75.15,148.04999999999998,270.95,811.13,56.42,1782.142857142857,29.0625,0,synthetic_fallback
2025-09-02,28.75,94.25,0.0,2.4599999999999858,119.13,180.73,224.94,60.46,3210.714285714286,34.53125,0,synthetic_fallback
2025-04-24,26.5,94.0,0.0,16.79,17.310000000000002,77.03,77.22,9.26,2407.1428571428573,33.75,0,synthetic_fallback
2025-12-05,28.75,97.25,0.0,0.0,0.0,0.0,0.0,0.0,3210.714285714286,43.90625,0,synthetic_fallback
2025-04-01,27.75,93.75,0.0,3.5,7.85,8.190000000000001,39.08,4.35,2853.5714285714284,32.96875,0,synthetic_fallback
2025-03-14,28.0,94.5,1.83,2.560000000000002,5.9399999999999995,20.05,70.03999999999999,2.69,2942.8571428571427,35.3125,0,synthetic_fallback
2025-01-19,27.5,94.0,0.0,0.0,0.0,65.77,65.77,0.0,2764.285714285714,33.75,0,synthetic_fallback
2025-11-02,26.25,95.5,0.0,0.0,0.0,0.0,0.0,0.0,2317.8571428571427,38.4375,0,synthetic_fallback
2025-08-16,25.75,92.75,5.05,9.219999999999999,24.35,36.79,122.33,14.99,2139.285714285714,29.84375,0,synthetic_fallback
2025-02-07,27.25,94.25,0.0,1.2400000000000035,1.2400000000000035,40.5,41.45,1.24,2675.0,34.53125,0,synthetic_fallback
2025-03-15,24.25,92.75,3.31,6.3100000000000005,6.3100000000000005,6.3100000000000005,18.11,3.31,1603.5714285714287,29.84375,0,synthetic_fallback
2025-10-11,23.0,92.5,27.39,45.56,51.14000000000003,133.86,296.9,27.39,1157.142857142857,29.0625,0,synthetic_fallback
2025-02-20,27.75,96.5,0.0,0.8799999999999966,29.909999999999997,60.92,63.16,28.79,2853.5714285714284,41.5625,0,synthetic_fallback
2025-12-18,28.75,96.0,0.0,0.0,0.0,0.0,0.0,0.0,3210.714285714286,40.0,0,synthetic_fallback
2025-10-12,28.0,96.75,2.63,10.979999999999986,10.980000000000015,29.759999999999998,48.08,8.35,2942.8571428571427,42.34375,0,synthetic_fallback
2025-05-04,28.0,95.75,0.73,2.01,29.75,153.04999999999998,164.17,23.74,2942.8571428571427,39.21875,0,synthetic_fallback
2025-04-24,25.75,92.5,0.0,1.95,5.16,26.63,42.22,2.19,2139.285714285714,29.0625,0,synthetic_fallback
2025-09-19,25.75,93.5,16.78,19.810000000000016,159.98,307.42,441.12,117.6,2139.285714285714,32.1875,0,synthetic_fallback
2025-11-18,27.5,96.25,0.0,0.0,0.0,0.3799999999999929,96.88,0.0,2764.285714285714,40.78125,0,synthetic_fallback
2025-12-20,28.5,95.25,0.0,0.0,0.0,0.0,0.0,0.0,3121.4285714285716,37.65625,0,synthetic_fallback
2025-10-20,28.5,95.25,0.0,0.0,0.0,81.42000000000002,182.94,0.0,3121.4285714285716,37.65625,0,synthetic_fallback
2025-09-24,28.25,94.75,0.0,2.9399999999999857,20.709999999999987,138.0,348.13,15.33,3032.1428571428573,36.09375,0,synthetic_fallback
2025-07-08,29.25,96.25,0.0,0.0,0.0,0.0,0.0,0.0,3389.2857142857147,40.78125,0,synthetic_fallback
2025-07-06,27.75,91.0,0.0,0.0,0.0,0.0,0.0,0.0,2853.5714285714284,24.375,0,synthetic_fallback
2025-11-11,28.25,94.25,0.0,0.0,0.940000000000007,32.239999999999995,39.05,0.94,3032.1428571428573,34.53125,0,synthetic_fallback
2025-03-28,23.0,92.0,0.0,0.0,0.0,0.0,0.0,0.0,1157.142857142857,27.5,0,synthetic_fallback
2025-07-15,26.75,95.5,0.0,0.0,0.0,0.0,0.0,0.0,2496.4285714285716,38.4375,0,synthetic_fallback
2025-07-12,26.75,91.25,0.0,0.0,0.0,24.029999999999973,147.23000000000002,0.0,2496.4285714285716,25.15625,0,synthetic_fallback
2025-09-18,26.0,91.25,1.08,65.08000000000003,102.36000000000001,108.58,214.42,48.35,2228.5714285714284,25.15625,0,synthetic_fallback
2025-07-29,27.25,95.75,5.45,16.36,18.959999999999994,104.31,252.02,6.6,2675.0,39.21875,0,synthetic_fallback
2025-08-20,24.25,93.5,39.78,105.38,123.07999999999998,239.64999999999998,307.55,65.6,1603.5714285714287,32.1875,0,synthetic_fallback
2025-09-23,24.25,93.0,1.59,1.59,20.07,136.54,234.82,9.78,1603.5714285714287,30.625,0,synthetic_fallback
2025-06-03,28.75,94.75,34.38,94.41999999999999,261.37,327.06,567.8,95.24,3210.714285714286,36.09375,0,synthetic_fallback
2025-08-06,26.5,89.75,18.03,65.77999999999999,151.82999999999998,262.92,420.15,64.66,2407.1428571428573,20.46875,0,synthetic_fallback
2025-03-07,28.25,95.5,0.0,22.630000000000003,43.73,57.709999999999994,128.73,14.86,3032.1428571428573,38.4375,0,synthetic_fallback
2025-02-05,27.5,90.5,0.0,0.0,0.0,0.0,0.0,0.0,2764.285714285714,22.8125,0,synthetic_fallback
2025-03-25,25.5,90.0,0.0,0.0,0.0,0.0,2.0,0.0,2050.0,21.25,0,synthetic_fallback
2025-11-07,27.75,95.5,0.0,0.0,28.32999999999999,30.72999999999999,63.739999999999995,21.21,2853.5714285714284,38.4375,0,synthetic_fallback
2025-07-18,27.25,93.25,7.13,12.330000000000002,18.85,69.34,322.64000000000004,7.13,2675.0,31.40625,0,synthetic_fallback
2025-11-22,28.0,91.5,0.0,0.0,0.0,0.0,91.02,0.0,2942.8571428571427,25.9375,0,synthetic_fallback
2025-03-30,28.0,97.0,11.35,22.6,22.6,82.74000000000001,160.85000000000002,11.35,2942.8571428571427,43.125,0,synthetic_fallback
2025-07-12,26.25,92.75,0.0,0.0,53.4,141.6,279.12,41.91,2317.8571428571427,29.84375,0,synthetic_fallback
2025-04-04,25.75,94.75,0.0,0.0,0.0,2.3200000000000003,28.51,0.0,2139.285714285714,36.09375,0,synthetic_fallback
2025-11-11,26.5,94.75,0.0,0.0,1.5799999999999963,13.350000000000001,36.36,0.7,2407.1428571428573,36.09375,0,synthetic_fallback
2025-07-29,29.25,96.75,0.0,0.0,0.0,0.0,0.0,0.0,3389.2857142857147,42.34375,0,synthetic_fallback
2025-04-02,24.0,93.25,0.0,0.0,0.0,0.0,3.17,0.0,1514.2857142857142,31.40625,0,synthetic_fallback
2025-09-30,25.5,92.0,3.33,9.969999999999999,14.810000000000008,75.42,191.46,6.33,2050.0,27.5,0,synthetic_fallback
2025-07-21,27.25,96.5,0.0,0.0,0.0,0.0,0.0,0.0,2675.0,41.5625,0,synthetic_fallback
2025-10-13,26.75,89.75,0.0,1.02,1.5000000000000284,209.17999999999998,445.67999999999995,1.02,2496.4285714285716,20.46875,0,synthetic_fallback
2025-12-22,27.75,97.0,0.0,0.0,0.0,0.0,0.0,0.0,2853.5714285714284,43.125,0,synthetic_fallback
2025-10-28,29.0,95.75,0.0,0.33,1.3599999999999859,1.36,133.32,0.63,3300.0,39.21875,0,synthetic_fallback
2025-09-09,23.75,91.75,0.0,49.359999999999985,78.16,123.62,354.35,49.36,1425.0,26.71875,0,synthetic_fallback
2025-01-19,25.25,92.5,0.0,0.0,0.0,0.0,0.0,0.0,1960.7142857142858,29.0625,0,synthetic_fallback
2025-09-14,25.5,94.0,37.14,68.36,93.57,146.15,349.09,37.14,2050.0,33.75,0,synthetic_fallback
2025-02-14,25.5,92.75,0.0,0.0,0.0,0.0,0.0,0.0,2050.0,29.84375,0,synthetic_fallback
2025-01-13,23.75,91.5,0.0,0.0,0.0,0.0,0.0,0.0,1425.0,25.9375,0,synthetic_fallback
2025-04-25,25.75,94.5,0.0,0.7799999999999983,19.349999999999998,42.92,75.94,7.48,2139.285714285714,35.3125,0,synthetic_fallback
2025-01-05,29.0,97.25,0.0,0.0,0.0,0.0,0.0,0.0,3300.0,43.90625,0,synthetic_fallback
2025-05-29,24.25,93.5,31.79,36.47,43.67,85.41,126.19999999999999,31.79,1603.5714285714287,32.1875,0,synthetic_fallback
2025-01-03,26.75,95.25,0.0,0.0,0.0,0.0,0.0,0.0,2496.4285714285716,37.65625,0,synthetic_fallback
2025-10-24,27.25,91.75,0.0,0.0,0.0,0.0,0.0,0.0,2675.0,26.71875,0,synthetic_fallback
2025-03-14,28.25,94.0,7.53,7.53,15.100000000000001,20.72,50.22,7.53,3032.1428571428573,33.75,0,synthetic_fallback
2025-02-10,25.0,94.0,0.0,0.0,0.0,0.0,0.0,0.0,1871.4285714285713,33.75,0,synthetic_fallback
2025-11-24,26.75,93.75,0.38,0.7199999999999964,0.7199999999999858,0.7200000000000142,11.910000000000002,0.38,2496.4285714285716,32.96875,0,synthetic_fallback
2025-01-11,26.5,90.75,0.0,0.0,0.0,0.0,0.0,0.0,2407.1428571428573,23.59375,0,synthetic_fallback
2025-08-29,25.25,94.75,0.0,0.0,0.0,0.0,0.0,0.0,1960.7142857142858,36.09375,0,synthetic_fallback
2025-05-02,28.25,96.5,0.0,0.0,66.60000000000001,185.81,192.63,35.84,3032.1428571428573,41.5625,0,synthetic_fallback
2025-04-13,25.0,91.5,0.0,0.0,0.0,0.0,0.0,0.0,1871.4285714285713,25.9375,0,synthetic_fallback
2025-01-16,28.5,97.5,0.0,0.0,0.0,0.0,0.0,0.0,3121.4285714285716,44.6875,0,synthetic_fallback
2025-03-11,26.25,94.25,0.0,0.0,0.0,14.26,35.97,0.0,2317.8571428571427,34.53125,0,synthetic_fallback
2025-06-30,27.25,90.5,0.0,0.0,0.0,0.0,0.0,0.0,2675.0,22.8125,0,synthetic_fallback
2025-02-17,25.75,93.5,0.0,0.13,0.13,0.13,0.13,0.13,2139.285714285714,32.1875,0,synthetic_fallback
2025-06-16,22.75,92.0,0.0,0.0,0.0,0.0,0.0,0.0,1067.857142857143,27.5,0,synthetic_fallback
2025-01-29,25.0,93.75,0.0,0.0,0.0,0.0,2.0,0.0,1871.4285714285713,32.96875,0,synthetic_fallback
2025-04-03,24.75,94.75,0.0,0.0,0.0,0.0,0.0,0.0,1782.142857142857,36.09375,0,synthetic_fallback
2025-03-08,26.75,92.0,0.0,0.0,1.39,1.39,14.45,1.39,2496.4285714285716,27.5,0,synthetic_fallback
2025-09-11,24.5,91.5,0.0,0.0,0.0,0.0,0.0,0.0,1692.857142857143,25.9375,0,synthetic_fallback
2025-12-31,24.25,92.25,0.0,0.0,0.0,0.0,0.0,0.0,1603.5714285714287,28.28125,0,synthetic_fallback
2025-12-11,26.75,93.25,0.0,0.0,0.0,0.0,2.26,0.0,2496.4285714285716,31.40625,0,synthetic_fallback
2025-06-22,27.5,94.5,3.63,29.360000000000003,37.720000000000034,44.730000000000004,187.09,13.27,2764.285714285714,35.3125,0,synthetic_fallback
2025-02-25,25.25,95.0,0.0,0.0,0.0,0.0,0.0,0.0,1960.7142857142858,36.875,0,synthetic_fallback
2025-04-25,26.25,90.0,0.0,89.88,163.67,194.32999999999998,240.93,67.85,2317.8571428571427,21.25,0,synthetic_fallback
2025-12-06,27.0,92.0,0.0,0.0,0.3800000000000071,3.21,3.46,0.38,2585.714285714286,27.5,0,synthetic_fallback
2025-08-14,25.5,93.5,12.05,24.14,60.580000000000005,116.52,210.22,31.16,2050.0,32.1875,0,synthetic_fallback
2025-06-13,23.75,91.25,0.27,8.219999999999994,36.63,189.24,359.38,11.04,1425.0,25.15625,0,synthetic_fallback
2025-05-31,27.5,93.5,129.15,220.36,227.69,261.34000000000003,357.15,129.15,2764.285714285714,32.1875,0,synthetic_fallback
2025-11-04,22.75,92.75,0.0,5.280000000000018,5.279999999999992,23.29,132.43,5.28,1067.857142857143,29.84375,0,synthetic_fallback
2025-05-15,25.5,91.75,7.13,29.070000000000007,119.04,137.43,210.23000000000002,34.91,2050.0,26.71875,0,synthetic_fallback
2025-11-23,25.25,91.5,0.0,0.0,0.0,0.0,45.28,0.0,1960.7142857142858,25.9375,0,synthetic_fallback
2025-08-07,27.25,95.5,4.38,43.63,94.35,134.08,256.26,35.88,2675.0,38.4375,0,synthetic_fallback
2025-07-01,23.5,92.0,0.0,0.0,0.0,0.0,0.0,0.0,1335.7142857142858,27.5,0,synthetic_fallback
2025-03-16,29.25,95.75,1.46,21.62,26.52,57.41,103.54,12.92,3389.2857142857147,39.21875,0,synthetic_fallback
2025-11-26,27.5,97.25,0.0,0.0,0.0,0.0,0.0,0.0,2764.285714285714,43.90625,0,synthetic_fallback
2025-03-15,27.25,95.25,43.02,115.09,117.53,203.02,220.95,63.27,2675.0,37.65625,0,synthetic_fallback
2025-04-11,25.0,92.75,1.36,1.36,14.989999999999998,20.580000000000002,63.989999999999995,8.53,1871.4285714285713,29.84375,0,synthetic_fallback
2025-06-11,25.25,94.5,1.06,6.529999999999999,10.92,237.14999999999998,325.71000000000004,4.81,1960.7142857142858,35.3125,0,synthetic_fallback
2025-02-28,27.0,92.75,0.0,0.0,4.37,5.6899999999999995,46.65,2.3,2585.714285714286,29.84375,0,synthetic_fallback
2025-06-08,23.75,93.0,5.48,11.879999999999987,92.13,345.63,495.58000000000004,50.24,1425.0,30.625,0,synthetic_fallback
2025-09-21,25.5,91.25,0.16,15.079999999999965,193.60999999999996,231.58,446.36,54.91,2050.0,25.15625,0,synthetic_fallback
2025-03-10,27.5,91.25,0.0,0.0,0.0,0.0,0.0,0.0,2764.285714285714,25.15625,0,synthetic_fallback
2025-11-27,25.5,91.25,0.0,0.0,0.0,0.0,63.230000000000004,0.0,2050.0,25.15625,0,synthetic_fallback
2025-05-07,27.5,90.0,0.0,0.0,0.0,0.0,0.0,0.0,2764.285714285714,21.25,0,synthetic_fallback
2025-03-19,27.25,91.0,0.0,0.0,0.0,0.0,0.0,0.0,2675.0,24.375,0,synthetic_fallback
2025-03-25,26.75,90.5,0.0,0.0,4.94,20.9,21.009999999999998,4.94,2496.4285714285716,22.8125,0,synthetic_fallback
2025-01-17,26.75,92.5,0.0,0.0,0.0,1.74,1.74,0.0,2496.4285714285716,29.0625,0,synthetic_fallback
2025-09-23,27.5,91.0,0.0,0.0,0.0,0.0,0.0,0.0,2764.285714285714,24.375,0,synthetic_fallback
2025-05-13,23.5,92.25,11.26,38.96,51.22,97.0,151.91,27.57,1335.7142857142858,28.28125,0,synthetic_fallback
2025-01-28,26.0,93.25,0.0,0.0,0.0,0.0,1.62,0.0,2228.5714285714284,31.40625,0,synthetic_fallback
2025-07-23,27.25,96.25,0.0,0.0,0.0,0.0,0.0,0.0,2675.0,40.78125,0,synthetic_fallback
2025-10-25,26.25,93.5,0.0,0.4399999999999929,0.43999999999998934,5.199999999999993,14.82,0.44,2317.8571428571427,32.1875,0,synthetic_fallback
2025-02-17,27.0,91.0,0.0,0.0,10.809999999999999,10.809999999999999,12.73,6.06,2585.714285714286,24.375,0,synthetic_fallback
2025-03-03,26.5,93.0,2.11,4.42,4.42,7.72,22.240000000000002,2.31,2407.1428571428573,30.625,0,synthetic_fallback
2025-07-26,27.75,96.25,0.0,8.29,13.560000000000006,23.32,133.8,6.55,2853.5714285714284,40.78125,0,synthetic_fallback
2025-04-01,27.0,90.25,0.0,0.0,0.0,2.8999999999999995,22.83,0.0,2585.714285714286,22.03125,0,synthetic_fallback
2025-05-21,26.75,92.0,1.49,17.16,189.01999999999998,311.64,359.27,49.69,2496.4285714285716,27.5,0,synthetic_fallback
2025-05-07,23.5,92.5,2.05,3.5199999999999996,41.06,48.49,96.63000000000001,26.42,1335.7142857142858,29.0625,0,synthetic_fallback
2025-05-02,27.5,95.5,3.14,4.009999999999993,21.87,169.23000000000002,189.20999999999998,8.64,2764.285714285714,38.4375,0,synthetic_fallback
2025-07-18,23.5,92.0,0.0,0.0,0.0,0.0,0.0,0.0,1335.7142857142858,27.5,0,synthetic_fallback
2025-08-30,27.75,93.75,29.43,62.79000000000001,73.09,122.94999999999996,347.17999999999995,29.43,2853.5714285714284,32.96875,0,synthetic_fallback
2025-02-08,26.25,90.75,0.0,0.0,0.0,0.0,0.0,0.0,2317.8571428571427,23.59375,0,synthetic_fallback
2025-02-02,27.0,94.25,0.0,8.26,15.43,15.43,89.05,8.26,2585.714285714286,34.53125,0,synthetic_fallback
2025-04-01,27.75,88.75,0.0,6.46,9.52,33.19,124.87,6.46,3874.0,27.687585830688477,0,real_gis
2025-12-23,27.5,92.0,0.0,0.0,0.0,0.0,3.4699999999999998,0.0,2764.285714285714,27.5,0,synthetic_fallback
2025-01-04,27.75,88.5,0.0,0.0,0.0,0.0,0.0,0.0,4935.0,34.948089599609375,0,real_gis
2025-12-04,27.0,92.75,0.0,0.0,0.0,1.62,1.62,0.0,2585.714285714286,29.84375,0,synthetic_fallback
2025-08-31,25.25,93.25,4.83,48.410000000000004,70.8,136.97,439.55,26.19,1960.7142857142858,31.40625,0,synthetic_fallback
2025-09-10,26.75,92.5,7.88,8.959999999999999,11.309999999999999,81.09,271.28000000000003,7.88,2496.4285714285716,29.0625,0,synthetic_fallback
2025-08-31,27.25,90.0,0.0,0.0,0.0,0.0,0.0,0.0,2675.0,21.25,0,synthetic_fallback
2025-01-27,27.75,94.25,0.0,0.0,8.04,8.17,40.25,8.04,2853.5714285714284,34.53125,0,synthetic_fallback
2025-06-17,25.0,93.0,31.76,50.85,51.09,67.12,432.01,31.76,1871.4285714285713,30.625,0,synthetic_fallback
2025-01-11,25.0,92.0,0.0,0.0,0.0,0.0,0.0,0.0,1871.4285714285713,27.5,0,synthetic_fallback
2025-09-02,24.0,92.75,0.0,21.71000000000003,103.84000000000002,195.98999999999998,368.38,40.95,1514.2857142857142,29.84375,0,synthetic_fallback
2025-08-14,28.75,96.75,0.0,0.0,0.0,0.0,0.0,0.0,3210.714285714286,42.34375,0,synthetic_fallback
2025-02-08,25.5,90.5,0.0,0.0,0.0,0.0,0.0,0.0,2050.0,22.8125,0,synthetic_fallback
2025-10-07,25.25,94.25,0.48,2.480000000000007,34.29,46.7,230.13,18.53,1960.7142857142858,34.53125,0,synthetic_fallback
2025-04-20,25.25,94.75,0.0,0.0,0.0,0.0,0.0,0.0,1960.7142857142858,36.09375,0,synthetic_fallback
2025-03-29,27.0,93.25,3.4,3.4,12.65,28.359999999999996,130.34,9.25,2585.714285714286,31.40625,0,synthetic_fallback
2025-06-15,28.5,94.75,0.98,3.28,3.280000000000014,80.84,354.22,2.3,3121.4285714285716,36.09375,0,synthetic_fallback
2025-01-18,26.5,91.75,0.0,0.0,0.0,4.54,4.54,0.0,2407.1428571428573,26.71875,0,synthetic_fallback
2025-12-02,26.0,90.0,0.0,0.0,0.0,0.0,2.25,0.0,2228.5714285714284,21.25,0,synthetic_fallback
2025-07-06,25.75,94.25,34.14,45.99000000000001,81.00999999999999,163.94,293.55,34.14,2139.285714285714,34.53125,0,synthetic_fallback
2025-02-27,24.75,93.75,0.0,0.0,1.58,3.45,4.17,1.58,1782.142857142857,32.96875,0,synthetic_fallback
2025-02-28,29.25,96.25,0.0,0.0,0.0,0.0,0.0,0.0,3389.2857142857147,40.78125,0,synthetic_fallback
2025-07-23,25.0,91.5,0.0,0.0,0.0,0.0,0.0,0.0,1871.4285714285713,25.9375,0,synthetic_fallback
2025-11-24,24.25,93.75,0.0,0.0,0.0,0.0,22.560000000000002,0.0,1603.5714285714287,32.96875,0,synthetic_fallback
2025-04-28,24.0,91.5,0.0,17.29,17.4,92.72,96.71000000000001,17.29,1514.2857142857142,25.9375,0,synthetic_fallback
2025-08-28,27.0,92.5,1.11,4.7000000000000135,6.82,16.07,265.51,3.43,2585.714285714286,29.0625,0,synthetic_fallback
2025-07-02,26.25,91.0,0.41,15.57,25.98,82.37,172.37000000000003,11.31,2317.8571428571427,24.375,0,synthetic_fallback
2025-02-11,28.0,90.75,0.0,0.0,0.0,0.0,0.0,0.0,2942.8571428571427,23.59375,0,synthetic_fallback
2025-06-07,24.5,94.5,0.0,0.0,0.0,0.0,0.0,0.0,1692.857142857143,35.3125,0,synthetic_fallback
2025-06-08,27.5,94.75,0.0,0.7099999999999929,28.71,129.34,273.06,13.4,2764.285714285714,36.09375,0,synthetic_fallback
2025-12-26,26.0,93.0,0.0,0.0,0.0,0.0,0.0,0.0,2228.5714285714284,30.625,0,synthetic_fallback
2025-01-02,26.25,92.0,0.0,0.0,0.0,0.0,0.0,0.0,2317.8571428571427,27.5,0,synthetic_fallback
2025-10-08,28.0,88.5,1.58,3.16,71.64,101.88000000000001,305.56,45.08,5311.0,20.775375366210938,0,real_gis
2025-08-05,28.25,95.0,14.37,64.24,83.43000000000002,138.33,261.21000000000004,36.47,3032.1428571428573,36.875,0,synthetic_fallback
2025-09-07,28.75,94.75,0.36,2.5599999999999787,3.41,141.57000000000002,235.53,1.61,3210.714285714286,36.09375,0,synthetic_fallback
2025-10-05,28.0,96.25,14.56,17.42,43.26,49.39,108.93999999999998,25.84,2942.8571428571427,40.78125,0,synthetic_fallback
2025-03-08,29.0,96.5,0.0,0.0,0.0,0.0,0.0,0.0,3300.0,41.5625,0,synthetic_fallback
2025-09-02,29.25,96.25,0.0,0.0,0.0,0.0,0.0,0.0,3389.2857142857147,40.78125,0,synthetic_fallback
2025-06-30,25.75,90.0,11.72,14.980000000000029,59.24,200.28,410.25,24.31,2139.285714285714,21.25,0,synthetic_fallback
2025-12-17,25.75,90.75,0.0,0.0,0.0,0.0,0.0,0.0,2139.285714285714,23.59375,0,synthetic_fallback
2025-09-14,27.75,88.25,27.82,63.38000000000001,143.14000000000001,207.73,410.56,40.38,4925.0,4.787290573120117,0,real_gis
2025-06-18,29.0,95.0,22.52,52.66,65.37,84.74,447.4,22.54,3300.0,36.875,0,synthetic_fallback
2025-08-24,23.5,92.75,4.1,6.999999999999972,35.249999999999986,105.63000000000001,283.74,16.59,1335.7142857142858,29.84375,0,synthetic_fallback
2025-04-07,27.5,91.75,9.17,14.82,14.82,24.7,110.96000000000001,9.17,2764.285714285714,26.71875,0,synthetic_fallback
2025-08-05,24.75,93.75,3.39,7.229999999999993,15.470000000000008,97.56,210.53,5.71,1782.142857142857,32.96875,0,synthetic_fallback
2025-05-30,25.75,94.0,22.95,30.319999999999993,66.21,92.62,164.04,22.95,2139.285714285714,33.75,0,synthetic_fallback
2025-01-05,25.5,94.25,0.0,0.0,0.0,0.0,0.0,0.0,2050.0,34.53125,0,synthetic_fallback
2025-03-17,24.5,92.25,1.67,8.4,15.58,15.58,15.780000000000001,6.44,1692.857142857143,28.28125,0,synthetic_fallback
2025-03-03,27.5,94.25,1.34,16.76,17.13,40.57,132.83,15.25,2764.285714285714,34.53125,0,synthetic_fallback
2025-11-12,27.0,90.5,0.0,0.0,1.7400000000000142,60.34,62.28,1.74,2585.714285714286,22.8125,0,synthetic_fallback
2025-04-23,23.5,92.5,0.0,1.91,33.85,48.14,59.989999999999995,18.09,1335.7142857142858,29.0625,0,synthetic_fallback
2025-11-08,28.5,97.25,0.0,0.0,0.0,0.0,0.0,0.0,3121.4285714285716,43.90625,0,synthetic_fallback
2025-11-27,24.25,94.0,0.0,0.0,0.0,0.0,21.759999999999998,0.0,1603.5714285714287,33.75,0,synthetic_fallback
2025-02-15,25.25,91.75,0.0,0.13,0.13,0.13,0.13,0.13,1960.7142857142858,26.71875,0,synthetic_fallback
2025-04-01,22.5,92.5,0.0,0.0,0.0,0.0,0.0,0.0,978.5714285714286,29.0625,0,synthetic_fallback
2025-10-16,26.5,91.75,0.0,0.0,7.98,18.65,97.6,4.59,2407.1428571428573,26.71875,0,synthetic_fallback
2025-07-06,28.75,96.5,0.0,0.0,0.0,0.0,0.0,0.0,3210.714285714286,41.5625,0,synthetic_fallback
2025-05-07,27.5,91.5,0.0,0.0,0.0,0.0,0.0,0.0,2764.285714285714,25.9375,0,synthetic_fallback
2025-12-20,27.75,91.5,0.0,0.0,0.0,0.0,3.21,0.0,2853.5714285714284,25.9375,0,synthetic_fallback
2025-04-30,27.5,90.75,0.0,0.0,0.0,0.0,0.0,0.0,2764.285714285714,23.59375,0,synthetic_fallback
2025-12-03,26.25,95.5,0.0,0.0,0.0,0.0,0.0,0.0,2317.8571428571427,38.4375,0,synthetic_fallback
2025-04-22,23.75,92.0,0.31,4.17,47.79,63.12,74.12,21.23,1425.0,27.5,0,synthetic_fallback
2025-02-02,28.25,97.0,0.0,2.0,2.0,2.0,7.23,2.0,3032.1428571428573,43.125,0,synthetic_fallback
2025-10-06,28.0,88.0,0.64,68.13,106.90999999999997,127.99,460.0,63.85,5745.0,22.170482635498047,0,real_gis
2025-12-12,26.0,91.5,0.0,0.0,0.0,0.0,0.19,0.0,2228.5714285714284,25.9375,0,synthetic_fallback
2025-11-12,26.25,90.0,0.0,0.0,0.0,25.1,25.1,0.0,2317.8571428571427,21.25,0,synthetic_fallback
2025-10-18,25.5,90.25,0.0,0.0,0.43,173.54,280.73,0.43,2050.0,22.03125,0,synthetic_fallback
2025-03-26,22.75,92.25,0.0,0.0,0.0,0.0,0.0,0.0,1067.857142857143,28.28125,0,synthetic_fallback
2025-09-23,28.0,97.0,0.0,0.0,13.43,24.930000000000014,61.57,9.6,2942.8571428571427,43.125,0,synthetic_fallback
2025-09-17,24.5,91.0,0.0,0.0,0.0,0.0,0.0,0.0,1692.857142857143,24.375,0,synthetic_fallback
2025-01-02,28.0,91.25,0.0,0.0,0.0,0.0,0.0,0.0,2942.8571428571427,25.15625,0,synthetic_fallback
2025-05-07,23.5,91.25,3.56,26.799999999999997,35.86000000000001,61.68,103.74,20.17,1335.7142857142858,25.15625,0,synthetic_fallback
2025-03-27,27.25,94.25,0.0,0.0,5.189999999999993,100.62,169.24,4.9,2675.0,34.53125,0,synthetic_fallback
2025-08-09,28.0,95.75,11.33,11.57,135.74,177.16,220.72999999999996,65.06,2942.8571428571427,39.21875,0,synthetic_fallback
2025-07-01,23.25,93.25,5.77,17.310000000000027,51.209999999999994,100.92999999999999,396.1,25.58,1246.4285714285716,31.40625,0,synthetic_fallback
2025-05-16,26.25,91.25,18.04,52.640000000000015,90.47999999999999,126.48,298.39,23.09,2317.8571428571427,25.15625,0,synthetic_fallback
2025-02-22,29.5,96.5,0.0,0.0,0.0,0.0,0.0,0.0,3478.5714285714284,41.5625,0,synthetic_fallback
2025-02-10,26.0,93.0,0.0,0.0,0.0,0.15,0.15,0.0,2228.5714285714284,30.625,0,synthetic_fallback
2025-01-19,27.75,94.0,0.0,0.0,0.0,47.53,47.53,0.0,2853.5714285714284,33.75,0,synthetic_fallback
2025-07-15,26.0,93.5,1.02,1.0199999999999787,4.26,131.87,260.19,3.05,2228.5714285714284,32.1875,0,synthetic_fallback
2025-05-31,27.25,93.5,127.26,180.94,184.28000000000003,217.27,526.88,127.26,2675.0,32.1875,0,synthetic_fallback
2025-04-18,29.5,96.75,0.0,0.0,0.0,0.0,0.0,0.0,3478.5714285714284,42.34375,0,synthetic_fallback
2025-01-11,27.5,92.0,0.0,0.0,0.28,0.28,0.28,0.28,2764.285714285714,27.5,0,synthetic_fallback
2025-10-13,27.0,88.0,0.0,5.029999999999986,8.630000000000015,167.63,376.57000000000005,5.03,1943.0,21.62364959716797,0,real_gis
2025-04-10,27.0,94.25,0.0,1.6300000000000001,2.92,6.31,79.25,1.63,2585.714285714286,34.53125,0,synthetic_fallback
2025-06-24,27.75,93.0,16.64,30.450000000000014,67.3,96.93,362.04,16.64,2853.5714285714284,30.625,0,synthetic_fallback
2025-08-01,27.75,95.75,3.5,13.129999999999999,37.15,65.46000000000001,137.0,12.23,2853.5714285714284,39.21875,0,synthetic_fallback
2025-09-07,28.5,96.0,0.0,22.60000000000003,23.049999999999997,88.6,220.91,12.2,3121.4285714285716,40.0,0,synthetic_fallback
2025-06-19,26.0,90.5,29.06,53.70000000000001,59.209999999999994,66.55,349.38999999999993,29.06,2228.5714285714284,22.8125,0,synthetic_fallback
2025-12-22,28.25,95.75,0.0,0.0,0.0,0.0,0.0,0.0,3032.1428571428573,39.21875,0,synthetic_fallback
2025-04-05,24.25,94.25,0.0,0.0,0.0,0.27,17.75,0.0,1603.5714285714287,34.53125,0,synthetic_fallback
2025-05-27,26.25,95.5,0.0,0.0,0.0,0.0,0.0,0.0,2317.8571428571427,38.4375,0,synthetic_fallback
2025-05-27,28.0,94.25,0.32,0.32,7.61,83.39,107.58999999999999,2.79,2942.8571428571427,34.53125,0,synthetic_fallback
2025-02-09,26.5,95.25,0.0,0.0,0.0,0.0,0.0,0.0,2407.1428571428573,37.65625,0,synthetic_fallback
2025-02-14,28.0,96.0,10.86,45.239999999999995,67.62,71.92,80.99,22.68,2942.8571428571427,40.0,0,synthetic_fallback
2025-01-15,25.25,90.25,0.0,0.0,0.0,1.69,1.69,0.0,1960.7142857142858,22.03125,0,synthetic_fallback
2025-01-13,23.0,91.5,0.0,0.0,0.0,0.0,0.0,0.0,1157.142857142857,25.9375,0,synthetic_fallback
2025-03-09,27.75,90.25,0.0,0.0,0.0,0.0,0.0,0.0,2853.5714285714284,22.03125,0,synthetic_fallback
2025-09-13,25.0,92.0,0.0,0.0,0.0,0.0,0.0,0.0,1871.4285714285713,27.5,0,synthetic_fallback
2025-12-18,27.75,97.25,0.0,0.0,0.0,0.0,0.0,0.0,2853.5714285714284,43.90625,0,synthetic_fallback
2025-01-16,24.75,93.25,0.0,0.0,0.0,0.2,0.2,0.0,1782.142857142857,31.40625,0,synthetic_fallback
2025-03-31,27.5,94.25,0.0,7.050000000000001,7.050000000000001,22.75,181.05,4.33,2764.285714285714,34.53125,0,synthetic_fallback
2025-01-02,27.0,93.25,0.0,0.0,0.0,0.0,0.0,0.0,2585.714285714286,31.40625,0,synthetic_fallback
2025-06-10,28.25,94.5,0.0,0.51,15.7,279.78000000000003,388.46999999999997,8.59,3032.1428571428573,35.3125,0,synthetic_fallback
2025-05-14,27.25,96.25,0.0,0.0,0.0,0.0,0.0,0.0,2675.0,40.78125,0,synthetic_fallback
2025-10-02,29.0,95.5,0.22,9.210000000000015,10.670000000000002,12.030000000000001,229.7,8.99,3300.0,38.4375,0,synthetic_fallback
2025-11-28,26.25,89.75,0.0,0.0,0.0,0.0,56.21,0.0,2317.8571428571427,20.46875,0,synthetic_fallback
2025-06-20,27.75,96.75,7.0,20.08,21.59,22.09,258.71,8.58,2853.5714285714284,42.34375,0,synthetic_fallback
2025-10-10,29.25,95.75,6.18,31.5,72.55000000000001,85.04,264.64,22.26,3389.2857142857147,39.21875,0,synthetic_fallback
2025-08-01,26.0,91.25,1.24,7.790000000000014,117.45,134.18,195.29,79.78,2228.5714285714284,25.15625,0,synthetic_fallback
2025-12-16,29.25,96.75,0.0,0.0,0.0,0.0,0.0,0.0,3389.2857142857147,42.34375,0,synthetic_fallback
2025-08-22,26.5,89.75,12.42,52.58999999999999,74.70999999999997,303.01,587.33,27.14,2407.1428571428573,20.46875,0,synthetic_fallback
2025-10-06,26.25,91.5,17.82,25.720000000000013,40.21,48.31,112.2,17.82,2317.8571428571427,25.9375,0,synthetic_fallback
2025-08-26,27.25,92.75,0.0,1.8900000000000001,5.569999999999986,97.00999999999999,326.09,1.89,2675.0,29.84375,0,synthetic_fallback
2025-03-13,26.75,90.75,9.13,9.63,9.63,9.63,30.53,9.13,2496.4285714285716,23.59375,0,synthetic_fallback
2025-02-19,28.25,95.0,1.34,1.57,25.82,45.65,69.21000000000001,12.39,3032.1428571428573,36.875,0,synthetic_fallback
2025-01-21,26.5,95.5,0.0,0.0,0.0,0.0,0.0,0.0,2407.1428571428573,38.4375,0,synthetic_fallback
2025-02-12,26.25,95.25,0.0,0.0,0.0,0.0,0.0,0.0,2317.8571428571427,37.65625,0,synthetic_fallback
2025-02-19,23.5,92.5,0.0,0.0,0.0,0.0,0.0,0.0,1335.7142857142858,29.0625,0,synthetic_fallback
2025-05-27,24.25,93.25,0.68,5.4599999999999955,34.36,58.620000000000005,88.57000000000001,18.71,1603.5714285714287,31.40625,0,synthetic_fallback
2025-03-12,22.25,92.25,0.0,0.0,0.0,0.0,0.0,0.0,889.2857142857142,28.28125,0,synthetic_fallback
2025-07-02,24.25,93.25,1.11,4.08,31.190000000000005,129.5,180.44,13.18,1603.5714285714287,31.40625,0,synthetic_fallback
2025-08-04,28.75,96.25,2.96,16.6,20.540000000000006,51.71,107.45,10.6,3210.714285714286,40.78125,0,synthetic_fallback
2025-11-19,22.5,92.25,0.0,0.0,0.0,0.0,0.0,0.0,978.5714285714286,28.28125,0,synthetic_fallback
2025-08-20,26.75,95.75,0.0,0.0,0.0,0.0,0.0,0.0,2496.4285714285716,39.21875,0,synthetic_fallback
2025-05-09,27.75,95.25,0.0,9.79,13.239999999999998,27.350000000000026,326.26,9.79,2853.5714285714284,37.65625,0,synthetic_fallback
2025-04-16,26.75,92.25,0.0,1.72,11.030000000000001,17.36,17.72,8.05,2496.4285714285716,28.28125,0,synthetic_fallback
2025-10-06,24.5,91.0,0.0,0.0,0.0,0.0,0.0,0.0,1692.857142857143,24.375,0,synthetic_fallback
2025-07-29,26.75,95.25,15.46,26.400000000000002,30.910000000000004,60.88,247.98,15.46,2496.4285714285716,37.65625,0,synthetic_fallback
2025-03-18,27.5,95.25,11.49,74.43,163.23,165.85,235.96,50.21,2764.285714285714,37.65625,0,synthetic_fallback
2025-12-26,26.5,92.0,0.0,0.0,0.0,0.0,0.0,0.0,2407.1428571428573,27.5,0,synthetic_fallback
2025-05-16,29.0,97.0,0.0,0.0,0.0,0.0,0.0,0.0,3300.0,43.125,0,synthetic_fallback
2025-10-07,26.25,92.25,0.0,18.789999999999978,39.27000000000001,39.56,159.76,12.44,2317.8571428571427,28.28125,0,synthetic_fallback
2025-09-21,23.0,92.75,2.43,7.159999999999993,29.900000000000016,167.94,345.42,9.66,1157.142857142857,29.84375,0,synthetic_fallback
2025-09-09,26.25,93.75,0.0,53.54999999999999,97.01999999999998,120.4,250.5,37.87,2317.8571428571427,32.96875,0,synthetic_fallback
2025-09-18,29.0,95.75,9.97,56.61,135.35999999999999,175.58,305.58000000000004,44.94,3300.0,39.21875,0,synthetic_fallback
2025-07-19,26.25,90.25,0.0,28.909999999999986,94.20999999999998,190.74,411.96000000000004,59.13,2317.8571428571427,22.03125,0,synthetic_fallback
2025-05-14,26.0,91.25,17.97,31.389999999999997,90.91999999999999,114.7,204.35999999999999,21.57,2228.5714285714284,25.15625,0,synthetic_fallback
2025-12-09,27.5,92.5,0.0,0.0,0.0,0.2,2.2,0.0,2764.285714285714,29.0625,0,synthetic_fallback
2025-01-21,24.75,93.0,0.0,0.0,0.0,0.0,0.0,0.0,1782.142857142857,30.625,0,synthetic_fallback
2025-04-29,28.5,97.5,0.0,0.0,0.0,0.0,0.0,0.0,3121.4285714285716,44.6875,0,synthetic_fallback
2025-02-11,24.5,94.75,0.0,0.0,0.0,0.0,0.0,0.0,1692.857142857143,36.09375,0,synthetic_fallback
2025-05-07,28.5,95.25,1.3,4.980000000000009,20.29,183.06,243.46,13.41,3121.4285714285716,37.65625,0,synthetic_fallback
2025-01-18,27.75,92.5,0.0,0.0,0.0,2.15,2.15,0.0,2853.5714285714284,29.0625,0,synthetic_fallback
2025-04-03,24.5,91.75,0.0,5.55,5.55,5.91,5.91,5.55,1692.857142857143,26.71875,0,synthetic_fallback
2025-10-11,28.0,91.25,0.0,0.0,0.0,0.0,0.0,0.0,2942.8571428571427,25.15625,0,synthetic_fallback
2025-04-21,25.75,93.0,0.0,0.43,9.73,18.03,28.430000000000003,7.05,2139.285714285714,30.625,0,synthetic_fallback
2025-01-24,28.0,91.5,0.0,0.13,0.13,0.13,0.13,0.13,2942.8571428571427,25.9375,0,synthetic_fallback
2025-10-18,27.75,92.25,0.0,0.0,1.82,16.759999999999987,81.61,1.82,2853.5714285714284,28.28125,0,synthetic_fallback
2025-04-30,26.0,94.25,0.54,8.290000000000001,12.68,38.699999999999996,84.94,7.75,2228.5714285714284,34.53125,0,synthetic_fallback
2025-06-23,27.75,89.75,0.0,0.0,0.0,0.0,0.0,0.0,2853.5714285714284,20.46875,0,synthetic_fallback
2025-06-23,25.25,91.5,27.54,107.36000000000003,366.68,444.34000000000003,1466.52,137.36,1960.7142857142858,25.9375,0,synthetic_fallback
2025-04-17,28.75,97.0,0.0,0.0,0.0,0.0,0.0,0.0,3210.714285714286,43.125,0,synthetic_fallback
2025-07-04,24.75,94.0,6.26,14.480000000000008,26.710000000000008,155.06,217.43,8.27,1782.142857142857,33.75,0,synthetic_fallback
2025-11-19,27.0,95.5,0.0,0.0,0.0,0.2699999999999858,19.22,0.0,2585.714285714286,38.4375,0,synthetic_fallback
2025-01-19,28.0,91.0,0.0,0.0,0.0,0.0,0.0,0.0,2942.8571428571427,24.375,0,synthetic_fallback
2025-11-08,27.25,88.75,0.0,0.0,20.339999999999986,141.44,143.98,18.7,2095.0,44.369651794433594,0,real_gis
2025-07-11,27.75,88.0,1.46,47.13000000000002,71.6,149.07,329.11999999999995,28.21,4708.0,26.992677688598633,0,real_gis
2025-05-25,26.0,95.0,5.33,13.030000000000008,44.580000000000005,66.66,156.42999999999998,11.91,2228.5714285714284,36.875,0,synthetic_fallback
2025-01-28,25.75,93.0,0.0,0.0,0.0,0.0,0.18,0.0,2139.285714285714,30.625,0,synthetic_fallback
2025-03-30,24.25,92.75,0.0,0.0,0.0,5.71,16.97,0.0,1603.5714285714287,29.84375,0,synthetic_fallback
2025-10-03,27.75,95.5,37.55,62.379999999999995,62.98999999999998,68.95999999999998,243.45,37.55,2853.5714285714284,38.4375,0,synthetic_fallback
2025-04-14,26.25,90.25,0.0,5.28,30.21,30.21,31.01,18.96,2317.8571428571427,22.03125,0,synthetic_fallback
2025-06-25,28.0,88.25,4.62,30.590000000000007,75.29,122.74,275.57,17.05,5955.0,27.387590408325195,0,real_gis
2025-09-08,25.0,93.75,0.0,17.830000000000002,61.15999999999999,100.8,232.41,43.33,1871.4285714285713,32.96875,0,synthetic_fallback
2025-06-10,29.5,95.75,0.0,0.0,13.799999999999999,256.51000000000005,487.25,11.2,3478.5714285714284,39.21875,0,synthetic_fallback
2025-11-16,28.5,94.25,0.0,0.0,0.0,20.05,65.31,0.0,3121.4285714285716,34.53125,0,synthetic_fallback
2025-05-23,24.5,91.0,0.0,0.0,0.0,0.0,0.0,0.0,1692.857142857143,24.375,0,synthetic_fallback
2025-05-20,27.0,95.25,2.44,12.009999999999993,29.880000000000006,98.58999999999997,303.6,10.86,2585.714285714286,37.65625,0,synthetic_fallback
2025-11-08,27.0,95.0,0.0,0.09999999999999645,11.290000000000015,12.69,60.48,7.65,2585.714285714286,36.875,0,synthetic_fallback
2025-07-09,22.75,92.0,0.0,0.0,0.0,0.0,0.0,0.0,1067.857142857143,27.5,0,synthetic_fallback
2025-03-16,26.5,91.25,2.34,2.51,16.439999999999998,16.439999999999998,27.759999999999998,13.15,2407.1428571428573,25.15625,0,synthetic_fallback
2025-08-14,28.0,90.75,0.0,0.0,0.0,0.0,0.0,0.0,2942.8571428571427,23.59375,0,synthetic_fallback
2025-08-21,25.5,93.25,0.77,5.6399999999999935,33.19,71.78,145.89,13.87,2050.0,31.40625,0,synthetic_fallback
2025-05-02,27.0,94.75,0.0,1.33,20.35,313.86,340.8,16.44,2585.714285714286,36.09375,0,synthetic_fallback
2025-01-29,27.75,91.25,0.0,0.0,0.0,0.0,0.0,0.0,2853.5714285714284,25.15625,0,synthetic_fallback
2025-03-07,26.75,91.25,0.0,0.0,1.02,5.57,14.42,1.02,2496.4285714285716,25.15625,0,synthetic_fallback
2025-12-01,29.25,94.75,0.0,0.0,0.0,2.48,42.93,0.0,3389.2857142857147,36.09375,0,synthetic_fallback
2025-07-20,25.5,92.5,3.81,12.35,50.500000000000014,68.57,254.44,36.12,2050.0,29.0625,0,synthetic_fallback
2025-10-06,23.5,93.5,0.0,0.0,0.0,0.0,0.0,0.0,1335.7142857142858,32.1875,0,synthetic_fallback
2025-11-03,27.25,92.75,0.17,12.530000000000008,27.719999999999988,34.00999999999999,48.27,13.03,2675.0,29.84375,0,synthetic_fallback
2025-05-22,23.25,92.5,9.93,45.87,83.57,112.46,141.45,33.43,1246.4285714285716,29.0625,0,synthetic_fallback
2025-05-02,26.75,93.75,0.0,0.0,28.739999999999995,100.65,107.46999999999998,16.43,2496.4285714285716,32.96875,0,synthetic_fallback
2025-12-27,27.25,90.0,0.0,0.0,0.0,0.0,0.0,0.0,2675.0,21.25,0,synthetic_fallback
2025-08-14,28.0,91.75,17.39,36.04,87.45000000000002,112.06,250.17,22.88,2942.8571428571427,26.71875,0,synthetic_fallback
2025-11-11,27.25,93.25,0.0,0.0,0.0,33.6,33.599999999999994,0.0,2675.0,31.40625,0,synthetic_fallback
2025-08-02,27.75,90.25,0.0,0.0,0.0,0.0,0.0,0.0,2853.5714285714284,22.03125,0,synthetic_fallback
2025-02-01,27.25,96.25,0.0,0.0,0.0,0.0,0.0,0.0,2675.0,40.78125,0,synthetic_fallback
2025-07-14,27.5,88.75,6.75,10.18,47.52999999999999,113.25999999999999,258.3,14.25,3939.0,36.00673294067383,0,real_gis
2025-02-01,28.25,94.25,0.91,15.76,15.76,25.77,52.15,8.21,3032.1428571428573,34.53125,0,synthetic_fallback
2025-09-09,28.0,94.5,0.51,17.329999999999988,20.57,130.76000000000002,289.51000000000005,12.41,2942.8571428571427,35.3125,0,synthetic_fallback
2025-06-27,26.5,93.75,1.98,15.92,44.45,135.32,288.67,20.76,2407.1428571428573,32.96875,0,synthetic_fallback
2025-03-18,28.25,95.0,10.61,18.99,30.939999999999998,43.18,66.99000000000001,10.61,3032.1428571428573,36.875,0,synthetic_fallback
2025-08-28,27.75,95.75,11.11,11.570000000000004,28.54,51.42,254.32,15.52,2853.5714285714284,39.21875,0,synthetic_fallback
2025-01-30,26.5,92.0,7.51,7.51,7.51,7.51,13.58,7.51,2407.1428571428573,27.5,0,synthetic_fallback
2025-06-24,27.5,91.0,0.0,0.0,0.0,0.0,0.0,0.0,2764.285714285714,24.375,0,synthetic_fallback
2025-03-04,26.25,89.75,0.0,0.0,0.0,7.73,7.73,0.0,2317.8571428571427,20.46875,0,synthetic_fallback
2025-07-13,27.75,95.25,0.36,1.17,16.26,105.77000000000002,248.67000000000002,11.76,2853.5714285714284,37.65625,0,synthetic_fallback
2025-05-02,26.25,95.5,0.0,0.0,0.0,0.0,0.0,0.0,2317.8571428571427,38.4375,0,synthetic_fallback
2025-04-16,27.0,90.0,0.0,0.0,35.0,70.21000000000001,72.92999999999999,18.61,2585.714285714286,21.25,0,synthetic_fallback
2025-01-22,27.0,95.75,0.0,0.0,0.0,1.05,23.43,0.0,2585.714285714286,39.21875,0,synthetic_fallback
2025-03-22,24.75,94.5,0.3,0.3,2.96,20.86,33.05,2.35,1782.142857142857,35.3125,0,synthetic_fallback
2025-01-06,28.0,94.25,0.0,0.0,0.0,0.0,0.0,0.0,2942.8571428571427,34.53125,0,synthetic_fallback
2025-07-24,26.0,91.5,0.0,15.500000000000004,49.519999999999996,76.5,144.19,18.25,2228.5714285714284,25.9375,0,synthetic_fallback
2025-02-02,27.75,92.5,1.75,10.379999999999999,11.929999999999998,15.25,17.4,7.93,2853.5714285714284,29.0625,0,synthetic_fallback
2025-10-31,28.75,95.25,5.09,5.089999999999993,11.209999999999985,14.02,162.39999999999998,5.09,3210.714285714286,37.65625,0,synthetic_fallback
2025-06-28,27.25,88.5,23.17,53.929999999999986,165.60000000000002,301.03,435.2,48.63,1176.0,23.76713752746582,0,real_gis
2025-05-09,27.5,95.0,0.48,24.67,25.889999999999986,40.259999999999984,323.38,24.19,2764.285714285714,36.875,0,synthetic_fallback
2025-12-13,26.75,91.75,0.0,0.0,0.0,0.0,3.12,0.0,2496.4285714285716,26.71875,0,synthetic_fallback
2025-11-30,28.75,95.0,0.0,0.0,0.0,1.039999999999993,41.96,0.0,3210.714285714286,36.875,0,synthetic_fallback
2025-07-01,27.25,96.0,0.43,2.5900000000000283,56.36999999999999,139.81000000000003,227.27999999999997,36.05,2675.0,40.0,0,synthetic_fallback
2025-01-06,26.5,93.75,0.0,0.0,0.0,0.0,0.0,0.0,2407.1428571428573,32.96875,0,synthetic_fallback
2025-05-23,23.75,93.25,5.29,33.589999999999996,56.919999999999995,71.33999999999999,105.01,23.47,1425.0,31.40625,0,synthetic_fallback
2025-04-28,25.25,94.25,0.0,2.21,11.690000000000005,66.36,79.31,4.99,1960.7142857142858,34.53125,0,synthetic_fallback
2025-01-09,28.0,97.25,0.0,5.2,5.2,5.2,5.2,5.2,2942.8571428571427,43.90625,0,synthetic_fallback
2025-08-30,24.0,93.25,23.05,27.31000000000001,68.14,181.29999999999998,290.05,26.37,1514.2857142857142,31.40625,0,synthetic_fallback
2025-03-26,23.75,92.0,0.0,0.0,0.0,3.0,3.0,0.0,1425.0,27.5,0,synthetic_fallback
2025-09-27,27.75,90.75,0.0,0.0,0.0,0.0,0.0,0.0,2853.5714285714284,23.59375,0,synthetic_fallback
2025-10-24,26.0,93.75,0.0,0.0,0.0,28.48,139.08,0.0,2228.5714285714284,32.96875,0,synthetic_fallback
2025-10-18,28.25,96.0,0.0,0.0,8.819999999999993,21.48,53.57000000000001,8.82,3032.1428571428573,40.0,0,synthetic_fallback
2025-03-04,26.0,91.25,0.0,0.32,0.32,2.64,2.64,0.32,2228.5714285714284,25.15625,0,synthetic_fallback
2025-10-01,28.5,95.75,12.45,12.449999999999978,12.599999999999985,22.11,156.87,12.45,3121.4285714285716,39.21875,0,synthetic_fallback
2025-08-12,29.0,94.75,0.87,18.32,23.919999999999995,48.04,161.65,10.5,3300.0,36.09375,0,synthetic_fallback
2025-07-20,27.25,95.75,6.19,65.2,93.28999999999999,144.03,307.93,57.34,2675.0,39.21875,0,synthetic_fallback
2025-02-04,28.0,90.25,0.0,0.0,0.0,0.0,0.0,0.0,2942.8571428571427,22.03125,0,synthetic_fallback
2025-06-12,26.25,94.75,0.89,8.309999999999993,12.17,101.51,211.82999999999998,6.67,2317.8571428571427,36.09375,0,synthetic_fallback
2025-06-28,26.25,90.25,0.0,5.479999999999986,16.429999999999986,162.60000000000002,339.0,7.74,2317.8571428571427,22.03125,0,synthetic_fallback
2025-05-23,26.75,93.25,0.6,27.58,89.80000000000001,192.32000000000002,248.65999999999997,46.77,2496.4285714285716,31.40625,0,synthetic_fallback
2025-08-02,29.0,97.0,0.0,0.0,0.0,0.0,0.0,0.0,3300.0,43.125,0,synthetic_fallback
2025-08-11,27.5,92.25,9.68,33.38,56.39,111.24000000000001,209.01,12.81,2764.285714285714,28.28125,0,synthetic_fallback
2025-06-09,27.75,91.25,0.0,0.0,0.0,0.0,0.0,0.0,2853.5714285714284,25.15625,0,synthetic_fallback
2025-12-21,26.25,89.75,0.0,0.0,0.0,0.0,0.0,0.0,2317.8571428571427,20.46875,0,synthetic_fallback
2025-05-08,25.25,94.75,0.0,0.0,0.0,0.0,0.0,0.0,1960.7142857142858,36.09375,0,synthetic_fallback
2025-05-05,27.5,96.5,0.0,0.0,12.549999999999994,175.67000000000002,186.08,11.33,2764.285714285714,41.5625,0,synthetic_fallback
2025-10-11,26.25,94.25,4.47,17.209999999999972,37.69999999999999,123.03000000000002,404.77,10.96,2317.8571428571427,34.53125,0,synthetic_fallback
2025-04-14,28.25,94.5,0.0,2.2199999999999966,14.740000000000002,18.0,62.64,11.66,3032.1428571428573,35.3125,0,synthetic_fallback
2025-07-03,26.25,90.25,2.74,3.469999999999986,45.93999999999998,138.38000000000002,233.07,42.47,2317.8571428571427,22.03125,0,synthetic_fallback
2025-01-27,26.25,93.0,0.0,0.0,0.0,0.0,3.79,0.0,2317.8571428571427,30.625,0,synthetic_fallback
2025-11-24,23.0,93.25,0.0,0.0,0.0,0.0,0.0,0.0,1157.142857142857,31.40625,0,synthetic_fallback
2025-09-01,26.0,94.5,2.47,19.660000000000004,66.74,189.48000000000002,430.01,16.73,2228.5714285714284,35.3125,0,synthetic_fallback
2025-01-13,26.5,92.75,0.0,0.0,2.76,2.76,2.76,2.76,2407.1428571428573,29.84375,0,synthetic_fallback
2025-05-28,29.5,95.25,0.0,0.0,0.0,0.0,0.0,0.0,3478.5714285714284,37.65625,0,synthetic_fallback
2025-04-24,27.75,96.0,43.91,84.50999999999999,84.87,96.78,108.63,43.91,2853.5714285714284,40.0,0,synthetic_fallback
2025-09-15,26.25,90.25,11.43,16.189999999999984,34.58999999999999,80.61,185.22,17.37,2317.8571428571427,22.03125,0,synthetic_fallback
2025-09-26,29.5,97.0,0.0,0.0,0.0,0.0,0.0,0.0,3478.5714285714284,43.125,0,synthetic_fallback
2025-11-10,26.5,90.5,0.0,0.0,8.0,66.33000000000001,70.88,8.0,2407.1428571428573,22.8125,0,synthetic_fallback
2025-09-24,27.25,94.25,0.0,0.0,46.60000000000001,158.93,336.0,46.6,2675.0,34.53125,0,synthetic_fallback
2025-03-03,22.5,92.25,0.0,0.0,0.0,0.0,0.0,0.0,978.5714285714286,28.28125,0,synthetic_fallback
2025-02-08,24.5,91.25,0.0,0.0,0.0,0.0,0.0,0.0,1692.857142857143,25.15625,0,synthetic_fallback
2025-04-27,25.5,90.0,30.16,54.68,76.43,111.84,206.01,30.16,2050.0,21.25,0,synthetic_fallback
2025-09-19,28.0,96.25,1.74,31.79,59.22,59.55,153.48,22.57,2942.8571428571427,40.78125,0,synthetic_fallback
2025-07-14,25.0,92.0,0.0,0.0,0.0,0.0,0.0,0.0,1871.4285714285713,27.5,0,synthetic_fallback
2025-11-03,22.75,92.75,0.0,5.280000000000018,6.509999999999993,27.93,132.43,5.28,1067.857142857143,29.84375,0,synthetic_fallback
2025-05-02,27.0,91.5,0.37,5.41,28.07,146.89,200.29999999999998,13.72,2585.714285714286,25.9375,0,synthetic_fallback
2025-05-15,27.5,88.0,37.43,197.29000000000002,268.0,289.22,406.55,86.9,3283.0,34.604251861572266,0,real_gis
2025-01-25,27.25,93.5,0.0,0.0,0.0,0.98,19.4,0.0,2675.0,32.1875,0,synthetic_fallback
2025-09-01,27.5,95.75,0.0,19.800000000000036,52.28,116.12,326.73,25.03,2764.285714285714,39.21875,0,synthetic_fallback
2025-02-23,25.75,94.75,0.0,6.34,9.629999999999999,11.51,12.03,6.34,2139.285714285714,36.09375,0,synthetic_fallback
2025-06-24,28.5,94.0,55.27,70.75000000000001,152.39999999999998,187.47,509.23,55.27,3121.4285714285716,33.75,0,synthetic_fallback
2025-06-27,28.5,97.25,0.0,0.0,0.0,0.0,0.0,0.0,3121.4285714285716,43.90625,0,synthetic_fallback
2025-01-08,26.0,91.75,0.24,0.24,0.24,0.24,0.24,0.24,2228.5714285714284,26.71875,0,synthetic_fallback
2025-02-19,27.25,92.5,0.0,0.35,0.96,6.220000000000001,19.419999999999998,0.61,2675.0,29.0625,0,synthetic_fallback
2025-06-19,24.25,92.75,0.66,62.55999999999999,184.18,226.10000000000002,697.02,56.97,1603.5714285714287,29.84375,0,synthetic_fallback
2025-03-30,27.5,88.75,10.96,16.17,16.389999999999997,43.160000000000004,128.39000000000001,10.96,3939.0,36.00673294067383,0,real_gis
2025-01-29,28.0,92.0,0.0,0.0,0.72,1.3399999999999999,1.3399999999999999,0.72,2942.8571428571427,27.5,0,synthetic_fallback
2025-04-05,26.25,95.5,0.0,0.0,0.0,0.0,0.0,0.0,2317.8571428571427,38.4375,0,synthetic_fallback
2025-08-15,27.75,92.5,0.27,81.96000000000001,147.6,224.68,324.14,53.96,2853.5714285714284,29.0625,0,synthetic_fallback
2025-07-21,26.25,91.0,15.89,38.32,44.22,44.33,140.46,22.27,2317.8571428571427,24.375,0,synthetic_fallback
2025-04-22,29.0,94.25,30.95,111.63000000000001,114.3,140.54,302.46,78.79,3300.0,34.53125,0,synthetic_fallback
2025-07-26,25.75,92.5,2.45,2.550000000000004,23.74,83.3,179.56,18.13,2139.285714285714,29.0625,0,synthetic_fallback
2025-07-08,22.5,93.0,15.12,20.93,37.43,75.00999999999999,304.68,16.3,978.5714285714286,30.625,0,synthetic_fallback
2025-07-18,27.25,91.0,0.0,0.0,0.0,0.0,0.0,0.0,2675.0,24.375,0,synthetic_fallback
2025-12-23,25.75,91.25,0.0,0.2800000000000249,0.2800000000000249,0.2800000000000036,0.2800000000000036,0.28,2139.285714285714,25.15625,0,synthetic_fallback
2025-11-16,26.5,91.5,0.0,0.0,0.0,5.79,39.57,0.0,2407.1428571428573,25.9375,0,synthetic_fallback
2025-11-10,25.75,94.0,0.0,0.0,22.009999999999998,29.12,53.65,13.44,2139.285714285714,33.75,0,synthetic_fallback
2025-03-24,27.5,93.25,2.73,3.46,8.46,48.69,83.22,5.0,2764.285714285714,31.40625,0,synthetic_fallback
2025-03-14,26.75,91.5,1.17,20.26,22.89,23.509999999999998,35.480000000000004,13.96,2496.4285714285716,25.9375,0,synthetic_fallback
2025-04-24,27.5,94.75,168.18,231.8,243.87,248.60000000000002,267.77,168.18,2764.285714285714,36.09375,0,synthetic_fallback
2025-07-05,25.25,91.5,42.18,91.24000000000004,228.65,374.65999999999997,771.41,58.5,1960.7142857142858,25.9375,0,synthetic_fallback
2025-03-03,25.0,93.25,0.34,4.1,4.1,4.819999999999999,5.12,3.76,1871.4285714285713,31.40625,0,synthetic_fallback
2025-06-17,28.25,94.25,5.81,14.779999999999998,15.419999999999998,39.11,345.09999999999997,6.26,3032.1428571428573,34.53125,0,synthetic_fallback
2025-12-13,27.5,97.25,0.0,0.0,0.0,0.0,0.0,0.0,2764.285714285714,43.90625,0,synthetic_fallback
2025-10-03,24.0,91.0,0.0,0.0,0.0,0.0,0.0,0.0,1514.2857142857142,24.375,0,synthetic_fallback
2025-11-04,23.25,91.75,0.0,3.9099999999999966,9.39,23.15,84.95,5.48,1246.4285714285716,26.71875,0,synthetic_fallback
2025-11-10,24.0,91.5,0.0,0.0,21.77000000000001,28.85,68.83,19.06,1514.2857142857142,25.9375,0,synthetic_fallback
2025-02-04,27.5,91.5,0.0,0.0,0.0,0.0,0.0,0.0,2764.285714285714,25.9375,0,synthetic_fallback
2025-12-24,24.25,91.25,0.0,0.0,0.0,0.0,0.0,0.0,1603.5714285714287,25.15625,0,synthetic_fallback
2025-01-06,27.5,95.5,0.0,0.0,0.0,0.0,0.0,0.0,2764.285714285714,38.4375,0,synthetic_fallback
2025-10-27,26.75,94.75,0.0,11.07,11.070000000000022,11.070000000000002,112.12,11.07,2496.4285714285716,36.09375,0,synthetic_fallback
2025-01-21,28.0,94.5,0.0,0.0,0.0,18.310000000000002,18.310000000000002,0.0,2942.8571428571427,35.3125,0,synthetic_fallback
2025-08-05,25.25,95.0,0.0,0.0,0.0,0.0,0.0,0.0,1960.7142857142858,36.875,0,synthetic_fallback
2025-11-19,25.5,90.25,0.0,0.0,0.0,0.13,83.45,0.0,2050.0,22.03125,0,synthetic_fallback
2025-02-01,23.75,93.25,0.0,0.0,0.0,0.0,0.0,0.0,1425.0,31.40625,0,synthetic_fallback
2025-08-05,27.5,97.0,2.37,4.550000000000001,8.23,37.74,84.25,3.2,2764.285714285714,43.125,0,synthetic_fallback
2025-11-10,27.75,93.0,0.0,0.0,0.0,29.540000000000003,33.13,0.0,2853.5714285714284,30.625,0,synthetic_fallback
2025-04-16,27.25,96.75,2.57,2.57,5.48,11.45,69.52000000000001,2.91,2675.0,42.34375,0,synthetic_fallback
2025-07-30,28.75,94.25,0.0,21.799999999999986,57.88,78.53,277.0,35.7,3210.714285714286,34.53125,0,synthetic_fallback
2025-12-21,26.0,92.0,0.0,0.0,0.0,0.0,0.0,0.0,2228.5714285714284,27.5,0,synthetic_fallback
2025-05-13,27.5,91.25,0.0,0.0,0.0,0.0,0.0,0.0,2764.285714285714,25.15625,0,synthetic_fallback
2025-01-22,27.75,96.0,0.0,0.0,0.0,0.51,27.990000000000002,0.0,2853.5714285714284,40.0,0,synthetic_fallback
2025-01-04,26.75,91.25,0.0,0.0,0.0,0.0,0.0,0.0,2496.4285714285716,25.15625,0,synthetic_fallback
2025-10-07,24.75,94.75,0.0,0.0,0.0,0.0,0.0,0.0,1782.142857142857,36.09375,0,synthetic_fallback
2025-05-23,26.75,92.0,0.97,11.139999999999999,124.33999999999999,293.72999999999996,368.56,49.66,2496.4285714285716,27.5,0,synthetic_fallback
2025-08-09,23.5,93.5,0.0,0.0,0.0,0.0,0.0,0.0,1335.7142857142858,32.1875,0,synthetic_fallback
2025-05-06,28.25,96.25,0.75,0.91,1.8200000000000072,179.97,186.41000000000003,0.91,3032.1428571428573,40.78125,0,synthetic_fallback
2025-11-14,27.75,90.75,0.0,0.0,0.0,0.0,0.0,0.0,2853.5714285714284,23.59375,0,synthetic_fallback
2025-12-05,24.25,91.25,0.0,0.0,0.0,0.0,0.0,0.0,1603.5714285714287,25.15625,0,synthetic_fallback
2025-05-23,24.75,92.5,10.66,84.41,124.19,203.61,275.86,56.07,1782.142857142857,29.0625,0,synthetic_fallback
2025-07-13,23.0,92.5,5.57,13.75,90.41000000000003,118.61000000000001,291.71000000000004,47.77,1157.142857142857,29.0625,0,synthetic_fallback
2025-05-21,29.25,96.0,1.74,11.860000000000007,98.53999999999999,157.48,370.03999999999996,29.23,3389.2857142857147,40.0,0,synthetic_fallback
2025-09-05,26.5,89.75,0.0,20.119999999999987,63.93999999999997,177.25,501.65999999999997,30.27,2407.1428571428573,20.46875,0,synthetic_fallback
2025-11-15,27.5,95.75,0.0,0.0,0.0,53.98,55.709999999999994,0.0,2764.285714285714,39.21875,0,synthetic_fallback
2025-09-02,28.75,95.0,0.0,6.560000000000015,124.37,206.02,291.74999999999994,54.41,3210.714285714286,36.875,0,synthetic_fallback
2025-07-12,29.0,96.25,10.43,11.230000000000015,46.279999999999994,59.84000000000002,135.48,15.14,3300.0,40.78125,0,synthetic_fallback
2025-11-06,25.5,93.0,6.16,9.459999999999999,12.919999999999993,22.89,118.08999999999999,6.16,2050.0,30.625,0,synthetic_fallback
2025-06-07,27.25,92.25,0.96,5.71,35.66000000000001,191.04999999999998,299.34000000000003,14.01,2675.0,28.28125,0,synthetic_fallback
2025-05-04,24.0,94.0,0.69,6.879999999999999,19.12,30.03,69.43,6.18,1514.2857142857142,33.75,0,synthetic_fallback
2025-10-04,23.5,92.0,0.0,0.0,0.0,0.0,0.0,0.0,1335.7142857142858,27.5,0,synthetic_fallback
2025-10-30,23.75,93.0,0.15,1.0599999999999894,10.870000000000006,15.54,99.13,9.68,1425.0,30.625,0,synthetic_fallback
2025-09-15,26.75,89.75,9.23,142.24,211.72000000000003,318.92,596.5,85.63,2496.4285714285716,20.46875,0,synthetic_fallback
2025-12-02,27.0,89.75,0.0,0.0,0.0,0.0,0.0,0.0,2585.714285714286,20.46875,0,synthetic_fallback
2025-01-11,27.75,94.75,0.0,1.42,24.5,24.5,24.5,22.92,2853.5714285714284,36.09375,0,synthetic_fallback
2025-11-12,26.5,92.5,0.0,0.0,0.0,37.019999999999996,37.31999999999999,0.0,2407.1428571428573,29.0625,0,synthetic_fallback
2025-06-16,24.5,94.25,7.67,8.270000000000007,11.58,28.81,264.42,7.67,1692.857142857143,34.53125,0,synthetic_fallback
2025-04-25,25.5,90.75,23.11,46.769999999999996,69.1,136.62,170.42000000000002,23.11,2050.0,23.59375,0,synthetic_fallback
2025-07-23,23.25,91.75,4.32,31.37,71.63000000000001,170.9,475.05,26.4,1246.4285714285716,26.71875,0,synthetic_fallback
2025-05-13,27.25,95.75,0.0,4.01,50.050000000000004,61.830000000000005,191.56000000000003,25.51,2675.0,39.21875,0,synthetic_fallback
2025-08-21,27.75,88.0,5.04,28.470000000000013,50.33,267.18,552.3499999999999,15.55,4708.0,26.992677688598633,0,real_gis
2025-04-27,25.25,92.5,4.63,5.27,25.58,36.86,73.88,11.36,1960.7142857142858,29.0625,0,synthetic_fallback
2025-07-28,27.5,90.25,0.0,0.0,0.0,0.0,0.0,0.0,2764.285714285714,22.03125,0,synthetic_fallback
2025-10-02,24.5,92.25,22.72,48.91,51.88000000000004,89.99999999999994,501.9,26.19,1692.857142857143,28.28125,0,synthetic_fallback
2025-11-21,26.5,95.75,0.0,0.0,0.0,0.0,0.0,0.0,2407.1428571428573,39.21875,0,synthetic_fallback
2025-04-25,29.25,94.5,3.9,40.80000000000001,151.98,160.51,329.16999999999996,78.47,3389.2857142857147,35.3125,0,synthetic_fallback
2025-12-16,27.25,95.75,0.0,0.0,0.0,0.0,0.11,0.0,2675.0,39.21875,0,synthetic_fallback
2025-08-14,27.5,88.0,47.35,126.94,232.29000000000002,323.63,641.6500000000001,47.35,3283.0,34.604251861572266,0,real_gis
2025-12-12,25.0,91.0,0.0,0.0,0.0,0.0,0.0,0.0,1871.4285714285713,24.375,0,synthetic_fallback
2025-05-15,26.25,94.75,0.0,10.160000000000005,20.04,74.89999999999999,142.59,8.1,2317.8571428571427,36.09375,0,synthetic_fallback
2025-02-08,28.0,96.75,0.0,0.0,0.0,1.97,1.97,0.0,2942.8571428571427,42.34375,0,synthetic_fallback
2025-02-07,28.25,97.0,0.0,0.0,2.0,2.0,2.0,2.0,3032.1428571428573,43.125,0,synthetic_fallback
2025-05-18,26.0,93.5,3.22,3.71,34.93,45.150000000000006,91.00000000000001,23.28,2228.5714285714284,32.1875,0,synthetic_fallback
2025-12-31,26.0,90.25,0.0,0.0,0.0,0.0,0.0,0.0,2228.5714285714284,22.03125,0,synthetic_fallback
2025-05-16,26.0,91.0,8.58,43.040000000000006,76.4,124.3,231.9,22.4,2228.5714285714284,24.375,0,synthetic_fallback
2025-03-21,24.25,93.5,0.23,0.23,1.62,6.11,7.6800000000000015,1.07,1603.5714285714287,32.1875,0,synthetic_fallback
2025-01-26,25.75,91.0,0.0,0.0,0.0,0.0,7.45,0.0,2139.285714285714,24.375,0,synthetic_fallback
2025-07-04,22.25,92.5,0.0,16.3,18.0,68.2,333.43,16.3,889.2857142857142,29.0625,0,synthetic_fallback
2025-11-10,28.75,94.25,0.0,0.0,5.52,61.42999999999999,147.72,5.52,3210.714285714286,34.53125,0,synthetic_fallback
2025-07-13,28.25,94.5,0.0,0.0,0.89,84.38000000000001,297.12,0.89,3032.1428571428573,35.3125,0,synthetic_fallback
2025-08-15,26.5,90.75,0.0,33.74000000000001,127.06,200.23,364.16999999999996,33.18,2407.1428571428573,23.59375,0,synthetic_fallback
2025-08-21,23.25,92.25,3.7,15.450000000000014,54.39,97.44,313.98,19.68,1246.4285714285716,28.28125,0,synthetic_fallback
2025-12-14,28.0,96.0,0.0,0.0,0.0,0.0,0.0,0.0,2942.8571428571427,40.0,0,synthetic_fallback
2025-12-02,26.5,89.75,0.0,0.0,0.0,0.0,0.0,0.0,2407.1428571428573,20.46875,0,synthetic_fallback
2025-01-02,28.0,90.25,0.0,0.0,0.0,0.0,0.0,0.0,2942.8571428571427,22.03125,0,synthetic_fallback
2025-03-29,27.25,91.0,0.0,0.0,0.0,0.0,0.0,0.0,2675.0,24.375,0,synthetic_fallback
2025-02-13,25.5,91.5,0.0,0.0,0.0,0.0,0.14,0.0,2050.0,25.9375,0,synthetic_fallback
2025-12-24,28.25,96.0,0.0,0.0,0.0,0.0,0.0,0.0,3032.1428571428573,40.0,0,synthetic_fallback
2025-09-30,26.75,90.75,0.0,0.0,23.94,30.74000000000003,148.86999999999995,23.94,2496.4285714285716,23.59375,0,synthetic_fallback
2025-02-08,29.0,95.25,4.03,11.500000000000002,11.5,26.89,38.66,6.71,3300.0,37.65625,0,synthetic_fallback
2025-01-20,26.5,92.5,0.0,0.0,0.0,1.43,1.43,0.0,2407.1428571428573,29.0625,0,synthetic_fallback
2025-01-28,26.0,95.25,0.0,0.0,0.0,0.0,0.0,0.0,2228.5714285714284,37.65625,0,synthetic_fallback
2025-10-14,24.25,91.75,0.0,13.060000000000004,43.72000000000001,112.69000000000004,233.44,20.04,1603.5714285714287,26.71875,0,synthetic_fallback
2025-02-20,27.75,91.0,0.0,0.0,0.0,0.0,0.0,0.0,2853.5714285714284,24.375,0,synthetic_fallback
2025-09-04,23.75,91.75,6.0,16.769999999999985,35.5,95.52,333.1,13.42,1425.0,26.71875,0,synthetic_fallback
2025-11-17,26.0,95.0,0.0,0.0,0.0,14.64,40.86,0.0,2228.5714285714284,36.875,0,synthetic_fallback
2025-05-14,25.0,91.0,0.0,0.0,0.0,0.0,0.0,0.0,1871.4285714285713,24.375,0,synthetic_fallback
2025-05-09,25.5,92.5,0.1,4.94,21.91,53.0,84.29,10.05,2050.0,29.0625,0,synthetic_fallback
2025-05-23,26.75,92.75,0.73,11.89,72.58999999999999,214.51,270.15,26.83,2496.4285714285716,29.84375,0,synthetic_fallback
2025-02-27,24.25,94.0,0.0,0.0,0.42,1.31,1.72,0.42,1603.5714285714287,33.75,0,synthetic_fallback
2025-06-17,26.0,93.5,10.88,22.919999999999987,26.57,47.18,249.64000000000001,11.61,2228.5714285714284,32.1875,0,synthetic_fallback
2025-12-26,28.0,96.5,0.0,0.0,0.0,0.0,0.0,0.0,2942.8571428571427,41.5625,0,synthetic_fallback
2025-04-10,22.75,92.25,0.0,0.0,0.0,0.0,0.0,0.0,1067.857142857143,28.28125,0,synthetic_fallback
2025-07-21,25.25,91.25,30.15,34.61,99.81000000000006,391.43999999999994,1042.1000000000001,39.1,1960.7142857142858,25.15625,0,synthetic_fallback
2025-02-15,27.75,94.75,1.69,21.849999999999998,40.5,47.38,62.199999999999996,11.79,2853.5714285714284,36.09375,0,synthetic_fallback
2025-09-22,27.25,92.75,0.0,0.0,10.249999999999986,27.54999999999999,38.18,7.71,2675.0,29.84375,0,synthetic_fallback
2025-03-21,24.5,92.25,2.42,2.42,10.819999999999999,18.0,18.0,3.52,1692.857142857143,28.28125,0,synthetic_fallback
2025-01-27,25.75,95.0,0.0,0.0,0.0,0.0,11.19,0.0,2139.285714285714,36.875,0,synthetic_fallback
2025-10-25,24.75,91.75,0.0,0.0,0.0,0.0,0.0,0.0,1782.142857142857,26.71875,0,synthetic_fallback
2025-01-14,26.75,95.25,0.77,0.77,23.43,23.43,23.43,22.66,2496.4285714285716,37.65625,0,synthetic_fallback
2025-01-14,27.75,96.5,0.0,0.0,7.65,7.65,7.65,7.65,2853.5714285714284,41.5625,0,synthetic_fallback
2025-05-13,26.0,89.75,58.85,95.44999999999999,109.51,125.12,269.51,58.85,2228.5714285714284,20.46875,0,synthetic_fallback
2025-09-12,25.75,91.5,5.39,12.25,75.19999999999999,155.81,307.94,39.0,2139.285714285714,25.9375,0,synthetic_fallback
2025-11-14,27.5,94.75,0.0,0.0,0.0,11.400000000000002,12.18,0.0,2764.285714285714,36.09375,0,synthetic_fallback
2025-12-21,28.25,95.75,0.0,0.0,0.0,0.0,0.0,0.0,3032.1428571428573,39.21875,0,synthetic_fallback
2025-06-17,26.75,89.75,16.0,65.07,74.38000000000001,116.64000000000001,449.08,25.98,2496.4285714285716,20.46875,0,synthetic_fallback
2025-03-09,24.5,93.75,0.0,0.0,0.39,21.1,21.91,0.39,1692.857142857143,32.96875,0,synthetic_fallback
2025-06-09,27.0,92.0,0.0,0.7300000000000018,21.5,213.75,396.94,13.87,2585.714285714286,27.5,0,synthetic_fallback
2025-07-18,29.0,97.0,0.0,0.0,0.0,0.0,0.0,0.0,3300.0,43.125,0,synthetic_fallback
2025-05-22,24.75,92.75,20.86,70.97,130.76,212.14000000000001,281.78000000000003,49.34,1782.142857142857,29.84375,0,synthetic_fallback
2025-12-23,27.5,95.75,0.0,0.0,0.0,0.0,0.0,0.0,2764.285714285714,39.21875,0,synthetic_fallback
2025-11-28,23.75,92.5,0.0,0.0,0.0,0.0,50.69,0.0,1425.0,29.0625,0,synthetic_fallback
2025-03-26,27.25,92.75,0.0,2.91,3.3999999999999986,23.93,32.230000000000004,2.91,2675.0,29.84375,0,synthetic_fallback
2025-01-07,28.25,94.25,1.79,1.79,1.79,1.79,1.79,1.79,3032.1428571428573,34.53125,0,synthetic_fallback
2025-09-08,24.25,93.5,4.44,4.44,25.230000000000004,64.15,304.48,16.67,1603.5714285714287,32.1875,0,synthetic_fallback
2025-05-07,25.25,93.75,1.41,2.31,37.230000000000004,57.330000000000005,115.85000000000001,25.71,1960.7142857142858,32.96875,0,synthetic_fallback
2025-08-25,25.5,91.0,2.64,20.750000000000057,210.84,317.17,905.5699999999999,84.08,2050.0,24.375,0,synthetic_fallback
2025-02-13,23.5,91.75,0.0,0.0,0.0,0.0,0.0,0.0,1335.7142857142858,26.71875,0,synthetic_fallback
2025-01-30,24.25,94.0,0.0,0.0,0.0,0.0,0.14,0.0,1603.5714285714287,33.75,0,synthetic_fallback
2025-02-04,25.5,92.25,0.0,0.0,0.0,0.0,0.0,0.0,2050.0,28.28125,0,synthetic_fallback
2025-03-16,27.25,91.5,0.0,0.0,0.0,0.0,0.0,0.0,2675.0,25.9375,0,synthetic_fallback
2025-04-10,26.25,90.25,0.0,5.97,5.97,5.97,9.36,5.97,2317.8571428571427,22.03125,0,synthetic_fallback
2025-01-13,24.75,94.0,0.0,0.0,1.7,1.7,1.7,1.7,1782.142857142857,33.75,0,synthetic_fallback
2025-10-11,23.25,92.75,21.36,58.91000000000001,62.88000000000001,113.39,280.51,29.66,1246.4285714285716,29.84375,0,synthetic_fallback
